user_id,days_active,score_views,session_minutes,risk_profile,premium_user
1,28,5,15.741501073866328,balanced,1
2,34,2,0.3751108838483507,conservative,1
3,23,4,24.93143973798475,aggressive,0
4,32,7,11.536764044740067,balanced,0
5,36,3,4.89046497686045,balanced,0
6,24,7,0.9538123673292078,balanced,1
7,27,2,2.659981849708337,balanced,0
8,29,5,33.811761691478196,balanced,0
9,32,6,17.376591635136876,aggressive,0
10,26,7,4.313265648285084,aggressive,1
11,29,5,1.0177722833530742,balanced,0
12,25,4,17.597547489775476,aggressive,0
13,31,5,12.743777523108198,balanced,1
14,32,5,7.775800160819692,balanced,0
15,27,3,6.7791895985503725,balanced,0
16,33,1,3.6657812343734983,conservative,0
17,22,4,16.612279610087544,conservative,0
18,26,8,52.93615734468625,conservative,0
19,27,3,2.8985884999403964,balanced,0
20,31,2,13.636622079073673,balanced,0
21,21,4,8.279534208654454,balanced,0
22,17,3,8.877518185030912,aggressive,0
23,28,3,4.398406870715004,balanced,0
24,36,2,26.156104804196026,balanced,0
25,26,5,9.961272303867275,conservative,0
26,23,5,11.759405428085326,conservative,0
27,35,4,5.452492233176746,balanced,0
28,33,3,3.009882303550674,balanced,0
29,35,7,1.3474000318825359,balanced,0
30,28,4,18.782701974224867,conservative,0
31,37,3,3.2767117110169637,balanced,1
32,27,0,17.57139133619366,conservative,0
33,27,2,7.423704554725857,conservative,0
34,34,3,8.062031336106298,conservative,0
35,38,3,9.499913718221059,conservative,1
36,22,5,6.876071547719396,balanced,0
37,34,4,1.5907442492102624,conservative,0
38,35,5,5.55795322526694,aggressive,1
39,30,7,16.347807573004406,balanced,0
40,27,3,16.43953484504535,conservative,0
41,39,5,5.057797826972016,conservative,0
42,28,2,9.24564309999532,balanced,0
43,25,6,3.224789253275158,conservative,0
44,26,5,3.5429015062444815,aggressive,1
45,40,6,0.3497523755550383,aggressive,0
46,32,3,34.058529491432445,conservative,0
47,35,2,3.549258698840864,balanced,0
48,38,1,3.872506872169053,conservative,0
49,27,2,4.9192598154359475,balanced,0
50,25,3,2.044309027531089,balanced,0
51,29,2,15.294086912704545,conservative,0
52,22,7,1.1717414608294778,conservative,1
53,41,2,2.161562195818809,balanced,0
54,30,4,15.524286704863925,balanced,0
55,28,4,6.225020470969292,conservative,0
56,44,0,18.462342254903913,balanced,0
57,30,4,12.227171406781741,balanced,1
58,26,6,4.436140544550087,aggressive,1
59,32,4,15.782857495696536,conservative,0
60,18,7,1.8541178605473345,balanced,0
61,39,2,11.531333466036669,balanced,0
62,23,4,8.621081242095126,conservative,0
63,33,5,4.677031182943026,balanced,0
64,25,5,13.895305325423845,balanced,1
65,28,1,30.757983167922283,aggressive,1
66,32,5,102.25090146488351,conservative,1
67,27,3,14.038326606950097,balanced,0
68,33,4,7.78049500077345,balanced,1
69,30,2,3.82739267138196,aggressive,0
70,32,5,4.457828532991661,balanced,1
71,33,8,9.793183460355921,aggressive,0
72,41,4,6.8658548955368035,aggressive,0
73,27,9,36.76880387150371,conservative,0
74,26,3,6.8900025939990766,aggressive,0
75,36,3,7.012770999750628,aggressive,0
76,30,0,7.256294087759439,conservative,1
77,38,4,27.175166859999173,balanced,1
78,27,4,15.781155151805537,balanced,1
79,32,1,14.285331619195155,conservative,0
80,24,3,6.100205697413825,conservative,0
81,32,4,25.548333443064884,conservative,0
82,22,7,0.5867870118380237,conservative,0
83,31,4,30.69557702917818,balanced,1
84,32,3,10.784666024071644,conservative,0
85,34,1,7.618703889295146,aggressive,1
86,27,5,10.31246595350825,balanced,0
87,32,7,16.512921114638115,conservative,0
88,33,4,0.19271407025433612,balanced,1
89,21,4,30.78345012450344,balanced,0
90,26,1,8.878895508280719,aggressive,0
91,38,8,6.300304536529486,conservative,1
92,35,4,2.2317739174496043,conservative,0
93,31,1,8.682963930490073,aggressive,0
94,24,1,10.287294529226799,aggressive,0
95,26,2,7.753829896139921,balanced,1
96,32,4,17.02883727530027,balanced,0
97,39,0,8.194111658536924,conservative,0
98,29,7,48.824377362850086,balanced,0
99,26,4,13.717292334909962,conservative,0
100,37,7,24.71316767748876,conservative,1
101,24,6,1.7371556044846546,aggressive,1
102,41,5,7.594819077765408,conservative,0
103,31,7,6.161259059021475,balanced,1
104,23,6,12.641505685490007,aggressive,0
105,37,8,29.61147555922036,conservative,1
106,33,4,1.2236542990320278,aggressive,0
107,28,2,1.1301469881698092,aggressive,0
108,30,8,28.4886042827911,balanced,0
109,35,6,3.5900484123771217,conservative,0
110,33,2,16.573375897261844,balanced,0
111,38,5,11.742078822644977,balanced,1
112,28,4,26.83686769649133,balanced,0
113,31,3,2.004495135433479,conservative,0
114,29,4,2.0851895063699235,aggressive,1
115,26,3,12.206633565418489,conservative,0
116,13,3,43.887120479246924,balanced,0
117,36,6,8.042093998691362,conservative,0
118,23,3,5.938858810904598,balanced,0
119,35,3,13.997331798001724,aggressive,0
120,32,3,39.985338588725256,conservative,0
121,18,5,27.20343649309119,conservative,1
122,31,3,81.00063658739532,balanced,0
123,30,4,0.3424072714190632,balanced,0
124,35,3,1.7962557362462208,balanced,0
125,29,3,14.103671413672359,balanced,0
126,36,6,25.77009011434403,conservative,0
127,28,4,5.0372179827851085,aggressive,0
128,23,7,4.100990130519454,aggressive,0
129,31,0,23.195242526971583,balanced,0
130,33,6,0.8705055130769374,aggressive,0
131,31,3,6.915840224055438,balanced,0
132,29,4,10.572504708925091,balanced,0
133,28,3,12.326599618845187,conservative,1
134,17,5,19.563260697524193,balanced,0
135,37,3,6.573987034616531,balanced,0
136,30,2,14.22772907363742,conservative,0
137,30,1,13.205727021153603,balanced,1
138,24,4,11.898361871906964,balanced,0
139,28,9,15.34491945626149,balanced,0
140,32,2,4.5054150939517985,balanced,1
141,28,6,1.3267111725646654,aggressive,1
142,30,5,1.9050910261515497,conservative,1
143,33,3,3.815303005058281,balanced,0
144,20,3,10.403146949747157,balanced,0
145,41,2,27.530287356172696,balanced,0
146,28,4,18.12439896572069,balanced,0
147,29,3,23.34134401501452,conservative,0
148,41,1,6.484275053212055,aggressive,0
149,24,5,7.779181438390897,balanced,1
150,22,4,7.505257350545933,aggressive,0
151,21,7,3.19554424172962,balanced,1
152,20,4,0.9475583886607105,balanced,0
153,36,7,13.407524879526918,aggressive,0
154,36,4,67.94632650586568,balanced,0
155,22,3,2.7377583281315045,balanced,0
156,32,0,0.7171455880504786,balanced,0
157,34,4,22.680019142394585,aggressive,0
158,26,1,4.367040591706525,balanced,0
159,34,3,26.547956569551616,balanced,0
160,28,3,18.25772827235405,conservative,1
161,27,2,43.691157354399316,aggressive,0
162,37,5,7.8872422291149755,conservative,1
163,34,5,16.269302326282773,balanced,0
164,22,5,9.378256967797235,balanced,1
165,30,3,14.937669213793265,balanced,0
166,27,4,8.95662007100531,balanced,0
167,28,0,3.1355080606534314,conservative,0
168,39,3,10.636021202484153,balanced,0
169,27,3,11.280221623622065,balanced,0
170,42,8,24.958716249000677,aggressive,0
171,32,4,19.949884702822544,conservative,0
172,26,4,16.35036216602967,aggressive,0
173,33,4,1.8052020269200644,balanced,0
174,35,2,19.127537096132205,aggressive,0
175,21,5,10.406365193783817,balanced,1
176,19,2,33.678834688422675,balanced,0
177,29,5,37.861749314222266,aggressive,1
178,27,3,0.851041043390836,aggressive,1
179,23,4,25.77553528895878,balanced,0
180,32,6,0.576394722161879,conservative,1
181,21,3,6.863292957462166,balanced,0
182,33,9,11.72311917087852,balanced,1
183,28,4,2.4043060109939436,conservative,0
184,28,4,20.574858875351953,conservative,0
185,35,1,0.12584700492624484,aggressive,0
186,29,7,2.7696466144466876,conservative,1
187,22,4,13.04099375447198,balanced,0
188,19,4,18.796792487631024,conservative,0
189,22,4,37.269358831293566,balanced,0
190,34,3,18.336973609681127,conservative,0
191,44,1,16.711034105875,conservative,0
192,26,3,7.521575988011804,balanced,0
193,20,9,0.019278766624140433,aggressive,1
194,32,2,1.9202154558588238,conservative,0
195,29,7,11.471405455304474,balanced,0
196,31,2,16.86494737927959,balanced,0
197,17,5,8.105059717093422,aggressive,0
198,29,0,19.67777017593358,balanced,0
199,26,3,11.067847543501435,balanced,0
200,29,9,1.1560700769076766,balanced,0
201,31,6,3.1981999987109626,aggressive,0
202,33,8,27.488555386269155,conservative,0
203,27,5,19.36000419956654,balanced,0
204,33,5,33.77296055641142,aggressive,0
205,42,5,1.875920457061113,balanced,1
206,32,2,69.41512487429195,balanced,0
207,40,9,3.524574305649374,balanced,1
208,17,5,0.1777471315375626,balanced,0
209,28,1,89.41658546156953,balanced,0
210,31,4,4.949950319090049,balanced,0
211,36,5,16.540183555312833,balanced,0
212,29,3,2.91619714921887,balanced,0
213,37,5,13.020672601166005,aggressive,0
214,29,3,35.156573942617555,conservative,0
215,43,4,5.788934084965417,balanced,0
216,25,3,16.64148817817011,balanced,0
217,32,1,3.1220431929268266,balanced,0
218,22,5,14.704256975736314,conservative,0
219,30,3,6.152274004559892,balanced,0
220,30,2,3.558794183412483,aggressive,0
221,31,2,5.635290234345424,balanced,0
222,37,4,2.9555790817218317,aggressive,0
223,23,2,34.82898186054549,aggressive,1
224,34,4,7.592220867747754,conservative,0
225,33,3,4.221113078119949,conservative,1
226,23,2,8.924195223056808,aggressive,1
227,27,3,5.796769086361431,aggressive,0
228,28,10,20.463253308363115,conservative,1
229,39,4,53.2210727380501,conservative,0
230,30,5,8.644699773661898,conservative,0
231,28,3,29.60282493442805,aggressive,0
232,30,4,12.515929438956457,conservative,0
233,30,4,2.5660187300259976,balanced,0
234,32,3,17.597907710443177,aggressive,0
235,20,6,10.805756180437124,conservative,0
236,23,3,15.773348269876603,balanced,0
237,23,5,33.06655858955034,conservative,1
238,24,3,8.70892223310341,aggressive,1
239,38,0,34.716468213270346,conservative,0
240,33,6,20.834610079323465,balanced,1
241,24,3,10.059192724718203,balanced,0
242,24,2,13.865680358337302,conservative,0
243,24,5,5.9085584399096165,conservative,0
244,22,6,61.65463961445863,balanced,1
245,25,1,16.510018336784906,conservative,0
246,30,6,0.6725577394130069,aggressive,0
247,32,2,5.931724542789003,aggressive,1
248,19,2,14.645167220125764,balanced,0
249,35,2,0.8697333553361978,balanced,0
250,24,3,0.36261064759287037,balanced,0
251,28,4,8.968216103933187,aggressive,0
252,32,3,6.067512640507857,balanced,0
253,29,3,8.651773519719914,conservative,0
254,30,1,4.571270103267889,conservative,0
255,22,4,2.6997837545482097,balanced,0
256,30,7,17.526351419939722,balanced,0
257,26,6,10.840837236739157,balanced,0
258,25,6,3.3500450093594694,conservative,0
259,31,5,5.77588317157484,balanced,0
260,35,3,13.440261012385477,conservative,0
261,21,2,1.1245607891352474,conservative,0
262,31,5,2.392904253722796,balanced,0
263,29,6,1.1410004043015167,conservative,1
264,26,0,25.095040234449996,balanced,0
265,32,6,20.93967044560678,balanced,1
266,28,3,20.994520144118887,balanced,0
267,32,4,18.898909096710884,balanced,1
268,22,4,16.602030060516167,conservative,0
269,26,3,9.722375353031474,conservative,0
270,24,10,15.419993814504195,aggressive,0
271,20,1,0.586751033079517,balanced,0
272,22,5,14.57167822348775,balanced,0
273,36,2,22.567907592394587,conservative,0
274,24,2,10.407962374437686,balanced,0
275,40,3,6.636138105926504,balanced,0
276,31,7,4.8740468852542405,balanced,1
277,35,1,15.441977542976543,balanced,0
278,27,2,17.703902692594493,conservative,0
279,30,4,30.7153761345085,conservative,0
280,22,6,6.28587301045795,aggressive,0
281,26,1,22.03029737797848,aggressive,0
282,23,4,12.361000920415844,conservative,0
283,30,6,32.162772063426615,balanced,1
284,27,3,11.255674454441989,conservative,0
285,27,5,10.935652032150598,conservative,1
286,26,3,12.936880967286408,balanced,0
287,34,4,20.753392871490384,conservative,1
288,29,6,50.154039447567975,balanced,0
289,23,2,1.1461442362812222,balanced,0
290,41,3,0.8237282486080181,conservative,0
291,20,3,41.6009166789725,conservative,0
292,31,4,11.32136989092684,aggressive,0
293,23,9,14.313900993039796,conservative,0
294,25,6,9.878972024552624,balanced,0
295,24,6,1.4750693514983353,balanced,0
296,33,5,21.921048500234484,balanced,0
297,28,1,20.6288116491762,balanced,0
298,28,0,5.603029728546535,conservative,0
299,29,9,5.484421675022647,conservative,1
300,29,2,27.28770438858337,conservative,0
301,34,5,1.1266289449888054,balanced,0
302,28,4,31.942736641648214,balanced,0
303,39,2,4.449060120168076,conservative,0
304,32,4,13.483569291592179,conservative,0
305,23,0,41.23171869991837,balanced,0
306,32,3,17.003763680670275,balanced,0
307,38,3,8.027538403476548,aggressive,0
308,23,4,17.545223359298756,balanced,0
309,26,2,6.323451724787879,balanced,0
310,27,1,4.870553145754756,balanced,0
311,22,0,85.63167470261389,aggressive,0
312,23,2,20.84190438171006,aggressive,0
313,35,6,15.522735065029734,balanced,0
314,25,3,6.5843118344763685,conservative,0
315,34,4,0.7561551985379469,conservative,0
316,33,4,0.47324046619111027,balanced,0
317,26,2,12.117642178761848,balanced,0
318,31,3,21.534331471795845,balanced,0
319,29,3,11.562713194318299,conservative,0
320,23,4,27.562503611118693,balanced,0
321,30,4,0.5099695480271692,aggressive,0
322,40,1,6.853399036566741,conservative,1
323,33,5,4.058842616278597,balanced,0
324,31,3,8.893365189464589,balanced,0
325,29,6,1.12693836879967,aggressive,0
326,40,3,46.22969637719398,aggressive,0
327,29,8,3.7896552623045903,balanced,0
328,23,4,38.32500145784604,balanced,0
329,37,8,8.324096384003843,aggressive,0
330,31,4,63.52908567861488,balanced,0
331,18,4,12.113508602252056,balanced,0
332,35,5,40.06844167503186,balanced,0
333,27,5,0.08045018631454137,conservative,1
334,31,4,20.689114265156384,balanced,0
335,27,2,35.00349950706309,aggressive,0
336,34,3,2.2574703058927184,balanced,1
337,25,5,1.5159771719901924,balanced,0
338,23,0,8.289633336582796,conservative,0
339,30,2,40.698709117762846,balanced,0
340,39,4,11.725957037019647,conservative,0
341,31,4,11.24438094032291,conservative,0
342,23,3,2.2819978152458726,balanced,0
343,30,4,0.011847343818608032,conservative,0
344,20,9,24.922031977327055,balanced,1
345,25,0,1.3747336458869877,balanced,0
346,25,4,15.070675476290923,aggressive,0
347,31,0,36.909028088608466,balanced,0
348,35,5,3.5102602319096783,conservative,0
349,30,4,16.416592732781634,conservative,0
350,28,4,1.2295202699154495,balanced,0
351,23,3,13.885844027528472,balanced,0
352,28,5,2.6856749359737084,balanced,0
353,32,4,19.974454262492856,balanced,1
354,34,2,5.37653228018119,conservative,0
355,25,7,9.33728377904033,balanced,0
356,35,5,13.72302149047323,balanced,1
357,32,2,2.8179747906816504,conservative,0
358,22,8,20.30089311996362,conservative,0
359,36,1,5.406809861177581,conservative,0
360,33,4,16.28715249592547,conservative,1
361,25,4,2.584672289729025,balanced,0
362,24,1,17.476939127076754,conservative,0
363,29,3,2.0577233724586153,conservative,0
364,36,3,8.310081359598852,conservative,0
365,26,6,4.259456384111219,aggressive,0
366,31,4,20.697245794382273,aggressive,0
367,32,4,4.5578833063156265,conservative,0
368,31,1,32.02016716706125,balanced,1
369,35,6,33.359410901285756,conservative,0
370,37,3,3.280575900517427,balanced,0
371,38,3,14.272783244120923,conservative,1
372,29,3,1.3770860017171378,balanced,0
373,26,4,7.452290060338958,balanced,1
374,32,6,18.740920511069866,aggressive,0
375,23,7,16.15672148587525,conservative,0
376,24,2,14.700470347501719,aggressive,0
377,22,3,4.980589287148171,balanced,0
378,26,3,7.12282948017483,conservative,0
379,32,4,1.6295906905882436,balanced,1
380,25,4,19.042227366805516,conservative,0
381,37,3,10.51432766053026,conservative,0
382,32,5,18.504404232487357,conservative,1
383,29,5,4.294116450618252,balanced,0
384,30,4,5.883160205502809,balanced,0
385,24,8,6.101834849149518,aggressive,1
386,21,4,0.39119315889062917,conservative,0
387,26,3,6.25656587666851,aggressive,0
388,26,5,24.39148207639488,conservative,0
389,34,9,34.1389277268324,balanced,1
390,31,5,10.95396306813727,balanced,1
391,34,2,9.118356749463526,conservative,0
392,31,5,0.46964537121214744,aggressive,0
393,30,2,31.704823519347954,balanced,0
394,27,2,0.19643381327112516,balanced,1
395,22,5,43.438325855308015,balanced,1
396,34,2,10.077134484059517,balanced,0
397,33,5,6.276761981612592,balanced,1
398,26,1,38.698503294624885,balanced,0
399,35,3,0.37040070792773283,conservative,0
400,26,3,13.063484137135518,balanced,0
401,28,2,11.942075063803069,aggressive,0
402,39,6,3.7138568721719576,conservative,0
403,42,2,8.40253418642814,conservative,0
404,24,0,15.84467587332559,balanced,0
405,37,5,19.48146260953896,balanced,0
406,35,2,0.010756736589646302,balanced,0
407,33,5,41.434451223372214,conservative,1
408,26,1,2.6963294898389925,balanced,0
409,41,5,3.990382847880209,conservative,0
410,24,5,4.587149835041901,balanced,0
411,39,5,0.5783081632752946,balanced,1
412,33,8,1.9696158351699864,conservative,0
413,41,4,64.4101516837615,balanced,0
414,27,5,5.679793435752862,aggressive,1
415,25,6,1.8376186039928546,balanced,1
416,20,5,1.6973836835226737,aggressive,1
417,27,4,19.065582696727276,balanced,0
418,19,2,28.920768322633887,balanced,0
419,31,7,4.454925547066341,conservative,0
420,27,2,0.3169681808418834,conservative,0
421,38,4,3.7864618377163897,conservative,0
422,25,3,0.872633170905542,balanced,0
423,37,4,1.6370969996381342,aggressive,0
424,37,5,8.471523732404343,balanced,0
425,41,2,3.9188813682788832,balanced,1
426,35,7,10.883378359328532,balanced,0
427,30,2,4.385269409949476,balanced,0
428,35,5,42.336091084703824,balanced,0
429,29,1,35.45796882614935,balanced,0
430,25,3,12.54854785164825,balanced,0
431,28,1,6.564184875405172,conservative,0
432,26,4,7.19830985530937,aggressive,0
433,16,5,7.9616571523761435,conservative,0
434,28,5,19.506116964860063,conservative,0
435,35,3,9.012321624369909,aggressive,0
436,29,4,29.145359155459126,balanced,0
437,41,4,43.261464423332484,balanced,0
438,32,9,6.140880577272515,balanced,0
439,41,5,12.33840248648715,balanced,0
440,32,5,1.498242133077566,conservative,1
441,25,7,3.3559504945336194,balanced,1
442,25,3,8.002863657170508,balanced,1
443,35,2,3.4639074004806676,balanced,0
444,28,7,31.380060702967114,balanced,1
445,33,7,2.5847294116480435,aggressive,1
446,36,5,9.122741049346358,conservative,0
447,25,6,13.959619677004858,balanced,1
448,31,5,17.65820605466727,balanced,1
449,26,2,7.244980381089042,aggressive,0
450,33,5,30.499717375338157,conservative,0
451,21,7,12.601031091158674,balanced,0
452,28,6,8.684098767429395,aggressive,0
453,34,2,1.0441203856691033,conservative,0
454,21,6,9.373624014889877,aggressive,0
455,33,3,25.783422170354246,conservative,0
456,37,5,14.299807414338645,balanced,0
457,30,4,26.771381308421564,aggressive,0
458,36,2,10.21862511579247,balanced,0
459,33,5,1.8913025280017253,balanced,0
460,26,6,0.20600584737987362,conservative,1
461,35,6,5.419273589389286,aggressive,0
462,33,3,17.959450661597806,balanced,1
463,33,4,23.428292288826672,conservative,0
464,32,4,5.259388458806213,balanced,0
465,24,5,10.267388724645917,balanced,0
466,37,2,8.199872763234609,conservative,0
467,36,1,7.92778815076406,conservative,0
468,27,1,3.9467681328176583,conservative,0
469,24,7,2.1991818323717323,balanced,1
470,36,7,3.2851918867062397,balanced,0
471,32,5,0.8538321871311876,balanced,1
472,32,5,3.3121455620239346,aggressive,0
473,35,2,0.13865230991334543,aggressive,1
474,34,1,14.803047937630442,balanced,0
475,44,6,5.705195298571762,conservative,1
476,22,3,54.259387651234825,balanced,0
477,33,3,3.2298081667949115,balanced,0
478,27,3,6.365787554471883,balanced,0
479,20,2,6.6437938417255085,balanced,1
480,27,4,0.12731118695036583,balanced,0
481,34,3,27.414650739915494,aggressive,0
482,34,7,0.48776203095804316,conservative,0
483,30,4,42.246186944746576,balanced,0
484,33,3,33.39469087486313,conservative,0
485,29,5,11.502613559136897,aggressive,0
486,24,2,11.765639481063904,conservative,0
487,33,4,15.91012302973772,conservative,0
488,21,3,7.342078978685375,balanced,0
489,32,5,15.62875677604235,balanced,0
490,42,2,0.6870216445845417,conservative,0
491,29,6,0.8334458584997209,balanced,1
492,29,3,9.166055919483973,balanced,0
493,28,4,11.96503076075221,conservative,0
494,38,5,32.814442807479445,balanced,1
495,25,4,1.6582867888000474,aggressive,0
496,32,4,25.944276152595112,balanced,0
497,37,2,3.536733839088825,balanced,1
498,46,3,7.515200044279615,balanced,0
499,37,2,5.710177531826527,balanced,0
500,34,1,7.6662666804961495,conservative,0
501,23,3,2.446530575724671,conservative,0
502,39,4,10.504694133331519,aggressive,0
503,35,4,24.265271604963896,aggressive,0
504,22,7,8.738423373910214,balanced,0
505,33,2,10.118225513309843,conservative,0
506,25,5,28.334061827300665,conservative,1
507,19,8,18.365598000290316,balanced,0
508,26,9,10.11353921302852,balanced,1
509,27,2,4.469939134079916,conservative,0
510,28,4,32.43279554175368,aggressive,0
511,32,4,12.906469980689325,balanced,0
512,33,6,3.749006065942988,aggressive,1
513,35,5,4.702584794259076,balanced,0
514,30,1,24.378410353599243,balanced,0
515,23,2,0.6772445868219958,balanced,1
516,32,6,72.59856036806511,balanced,0
517,31,5,2.094995679202965,balanced,1
518,27,4,23.849568755646576,balanced,0
519,21,5,7.5323326898679746,balanced,1
520,14,4,10.165492194472565,aggressive,0
521,28,4,31.885496469328327,balanced,0
522,31,1,7.988687627689821,balanced,1
523,35,8,11.566428248242074,aggressive,1
524,24,2,0.7583455278014606,conservative,0
525,32,4,0.035253502557917316,conservative,0
526,18,7,4.211587439786591,balanced,1
527,33,6,17.118871660834444,balanced,0
528,34,3,1.939076765204831,aggressive,0
529,27,5,1.8115454241213607,balanced,1
530,31,5,7.938933272566913,balanced,0
531,29,3,15.654918780253583,balanced,0
532,30,3,18.675672047666428,conservative,1
533,21,5,2.9484494940725865,balanced,1
534,26,1,1.2440106481737214,aggressive,0
535,37,4,42.30074910202141,conservative,0
536,24,2,4.530090232030952,balanced,0
537,33,1,28.795239017841084,balanced,0
538,31,2,29.870520485197808,conservative,1
539,25,4,22.210565249593355,conservative,0
540,20,4,2.7738790725327993,aggressive,1
541,26,2,25.872854292529503,balanced,0
542,37,9,21.9963424377643,conservative,0
543,34,4,13.621973755532444,conservative,0
544,27,5,6.169275959957043,balanced,0
545,37,4,4.567512864574703,balanced,0
546,29,3,1.949737667497438,balanced,0
547,30,6,10.692813433525746,conservative,0
548,38,5,13.201583581492443,aggressive,0
549,26,5,6.678822124627601,balanced,0
550,39,4,9.67561783234282,balanced,0
551,32,4,6.776903626477769,balanced,1
552,34,3,15.366746450937274,balanced,0
553,24,1,34.72885684586781,aggressive,0
554,47,1,2.685469351788429,aggressive,0
555,37,5,7.204659907685702,balanced,1
556,26,6,2.277501070904207,aggressive,1
557,29,6,14.710189780099894,balanced,0
558,28,3,19.577381211885122,aggressive,0
559,24,6,40.304475786498195,conservative,1
560,46,5,4.904077859883132,balanced,1
561,33,6,44.999480064747814,conservative,0
562,35,1,0.980285532457517,aggressive,0
563,25,3,13.857808788277486,conservative,0
564,24,3,0.882446218036775,balanced,0
565,27,6,33.632822199268254,balanced,0
566,29,2,11.319246078402555,balanced,0
567,32,9,16.60034815514983,balanced,1
568,24,4,26.718875323477906,aggressive,0
569,33,3,2.443266517545386,balanced,0
570,36,5,0.5903392006887914,aggressive,1
571,31,5,31.664744254636837,conservative,0
572,25,2,5.673584509626851,balanced,0
573,26,3,2.071336297430332,balanced,0
574,30,5,9.479687290453473,conservative,1
575,16,4,13.68097294035383,balanced,0
576,29,3,0.4719049578938357,balanced,0
577,27,1,4.82159572256257,balanced,0
578,16,4,0.5002477454234389,balanced,0
579,32,2,8.179583998957286,balanced,0
580,29,8,33.821220609977836,conservative,0
581,30,7,60.81452659849838,conservative,0
582,23,5,15.202251820291817,balanced,0
583,27,2,2.6445738842353674,conservative,1
584,25,4,35.44289317304632,conservative,0
585,47,6,10.892738022051503,balanced,0
586,33,3,2.504094628186147,balanced,0
587,37,2,38.21322510042838,balanced,0
588,33,5,21.24938926295967,balanced,1
589,41,5,19.73503761127345,balanced,1
590,30,5,18.52579769901191,balanced,0
591,37,5,3.353526268917022,balanced,0
592,33,6,3.5549615913576917,balanced,1
593,25,4,17.48537444886369,balanced,0
594,28,0,3.721589608184476,balanced,1
595,22,6,8.661740009080308,conservative,1
596,37,5,22.84902885768371,balanced,1
597,31,6,22.98385607751806,balanced,1
598,37,6,9.056777272245933,aggressive,0
599,27,2,23.566961718819115,aggressive,0
600,35,2,27.360068652948854,balanced,0
601,35,3,15.953416152440337,conservative,0
602,36,6,3.889837549770073,conservative,1
603,31,4,4.803322360730473,balanced,0
604,27,3,5.6715686653195085,balanced,0
605,28,3,1.8631238165550905,conservative,0
606,28,3,4.785725788489832,balanced,1
607,25,4,3.526709127138978,conservative,1
608,25,2,9.11359315472434,aggressive,1
609,32,4,35.86101003911865,conservative,0
610,32,4,1.6552661632301986,aggressive,0
611,28,6,19.10884507720679,aggressive,0
612,30,2,17.436849973530258,balanced,0
613,28,1,1.5098107712360416,balanced,0
614,31,5,38.37618054242711,balanced,0
615,32,5,12.606350236688717,balanced,0
616,36,6,6.781878573006283,balanced,0
617,43,6,21.191952041911687,balanced,1
618,24,1,4.463268358714282,balanced,0
619,32,3,17.73854428333028,balanced,0
620,27,3,0.6078182147037183,balanced,0
621,30,7,27.43332789153242,conservative,1
622,26,6,8.917751791277235,balanced,0
623,35,3,15.18760254583084,conservative,1
624,27,4,3.7507435245766665,conservative,0
625,34,1,16.95496791553177,conservative,0
626,29,4,22.191960710196103,conservative,0
627,24,4,9.614390122157834,conservative,0
628,24,1,14.424301009323004,aggressive,0
629,33,2,9.14108004519939,conservative,0
630,31,6,33.677677960710135,balanced,0
631,44,4,10.333418949821676,conservative,0
632,35,2,27.65925413872499,aggressive,0
633,42,7,24.243317370977365,balanced,0
634,25,5,7.927331066192117,balanced,0
635,32,4,3.922117497602735,balanced,0
636,28,6,7.815213592235347,balanced,1
637,35,7,26.24925070260695,balanced,1
638,36,3,3.8744227850002697,conservative,1
639,33,5,11.14881807223711,aggressive,1
640,32,6,24.605939177100307,balanced,1
641,31,2,6.542208601826392,balanced,0
642,25,5,15.417120634787233,balanced,1
643,32,2,4.228116025976685,balanced,1
644,25,3,1.7358679780354513,aggressive,1
645,31,1,23.726190332135562,balanced,0
646,33,2,1.56322796691708,balanced,0
647,29,3,4.7490728935468995,conservative,1
648,23,3,28.97664683859876,aggressive,0
649,34,6,6.380486241568851,balanced,0
650,26,1,54.20399155113702,conservative,0
651,24,5,58.48240789624298,conservative,0
652,25,6,4.685278698819386,balanced,0
653,20,6,0.6276224331774602,aggressive,0
654,20,3,18.314917025785622,conservative,0
655,25,4,8.994483786522416,balanced,0
656,38,5,1.5929603850297247,conservative,1
657,30,4,18.440529434303873,balanced,0
658,27,4,0.47506782215670307,balanced,0
659,31,4,30.62602467088629,aggressive,0
660,29,4,2.2388593397146437,balanced,1
661,24,5,2.0426555459223503,aggressive,0
662,25,2,2.8978069723941915,balanced,0
663,21,3,48.38335585465387,conservative,1
664,34,2,17.721890185216314,balanced,0
665,33,1,24.244788175165322,balanced,0
666,40,8,7.603375221429117,aggressive,0
667,28,1,6.149163234111066,aggressive,0
668,31,10,4.008077573881332,conservative,0
669,30,5,9.827601792945774,conservative,1
670,21,6,12.038697426051716,conservative,0
671,23,3,14.985910350143724,aggressive,0
672,35,6,4.458281113899068,aggressive,1
673,26,4,44.537547271097566,balanced,0
674,31,3,2.790579817475942,balanced,0
675,28,0,50.56868532965593,balanced,0
676,32,5,0.22451369935072552,balanced,1
677,39,8,9.841404088670709,conservative,0
678,28,2,6.08275299933686,balanced,0
679,37,3,8.943667149622025,conservative,0
680,35,6,12.682751975630767,conservative,0
681,21,1,8.579592741453048,aggressive,1
682,24,5,8.038225074842932,balanced,1
683,32,5,19.792068891372573,balanced,0
684,23,7,17.369525134434408,balanced,1
685,40,5,26.870808460987323,balanced,0
686,32,1,4.314410733999657,balanced,0
687,24,4,14.106004810510557,balanced,0
688,28,6,13.199193469932968,balanced,0
689,28,1,6.924290594319876,balanced,0
690,45,1,9.984659535311401,conservative,1
691,27,2,5.648401894748265,balanced,0
692,29,6,2.2945476176730386,balanced,1
693,32,4,3.608184088306619,balanced,0
694,32,5,1.672584480723414,balanced,1
695,23,8,17.236095139337493,balanced,1
696,35,5,16.214270169549987,conservative,1
697,19,6,45.11900763684696,balanced,1
698,23,3,19.62214452251857,aggressive,0
699,27,3,0.8017369652167061,conservative,0
700,33,4,32.344213394499576,balanced,0
701,36,4,29.78109129486241,balanced,0
702,27,5,8.786479299828443,conservative,1
703,30,4,13.22337846047134,balanced,0
704,23,5,55.994559594632754,balanced,1
705,29,3,11.399063171051584,balanced,0
706,28,1,35.35907708452313,aggressive,0
707,36,3,1.3003511024544825,conservative,0
708,35,3,3.1803071786357298,conservative,0
709,29,3,8.717512770948694,aggressive,0
710,34,6,13.183363895673649,balanced,0
711,30,7,25.410879211092613,balanced,0
712,44,5,66.67400469498621,balanced,1
713,22,4,7.386229490728032,balanced,1
714,29,2,0.7286490738288102,balanced,0
715,21,0,24.229689771712323,conservative,0
716,23,4,13.909544130085608,conservative,0
717,34,3,3.3198567252757556,conservative,0
718,28,5,10.242858262946118,aggressive,0
719,29,3,20.33998379572448,conservative,0
720,35,4,22.072019298922807,balanced,0
721,33,6,10.385764434422878,aggressive,0
722,26,3,5.462282362681893,balanced,0
723,29,3,54.597101112832306,balanced,0
724,32,4,16.33123387250356,balanced,0
725,20,5,7.869749095776605,balanced,0
726,23,5,4.937214614584042,balanced,0
727,30,4,19.70140213688021,balanced,0
728,16,8,4.159709029293596,aggressive,0
729,34,6,2.825878965886458,aggressive,0
730,20,4,11.320038284679432,aggressive,0
731,43,3,5.137088283977849,aggressive,0
732,28,3,14.869463624901115,balanced,0
733,27,4,1.8824054365705103,balanced,1
734,33,4,15.960602476818632,aggressive,0
735,24,3,4.996396373474265,balanced,0
736,33,4,0.0036444592179365543,aggressive,0
737,26,3,2.036197221979421,balanced,0
738,26,5,40.684347648356656,balanced,1
739,32,2,30.301142574145523,balanced,0
740,25,6,3.9909425611634513,aggressive,0
741,32,5,22.601318214052228,conservative,0
742,32,1,14.069289737593131,balanced,0
743,35,5,53.057685351098925,balanced,0
744,31,4,7.016627540436275,conservative,0
745,36,0,17.160137190745402,balanced,0
746,23,5,0.9846585364791679,balanced,0
747,40,4,7.568860192770336,balanced,0
748,28,6,49.787762359923,balanced,0
749,29,1,11.614736246295603,balanced,0
750,41,2,5.092622174997674,balanced,0
751,22,2,1.9221199735629182,balanced,0
752,38,3,18.237054712686167,conservative,0
753,26,3,15.52848090358075,aggressive,1
754,39,1,7.024605166240083,balanced,0
755,34,3,45.22108193833282,balanced,0
756,36,3,0.33679508543609027,balanced,0
757,35,3,5.4301339866194,balanced,0
758,24,2,38.08781080468814,balanced,0
759,17,3,5.805586087005967,balanced,1
760,23,6,4.360355569835264,balanced,1
761,36,2,11.46064109149747,balanced,1
762,30,4,26.042182454609573,balanced,0
763,34,4,1.6329456499314852,conservative,0
764,31,3,42.9760110642758,balanced,0
765,27,4,23.77651321518177,conservative,0
766,33,3,2.999652062351355,conservative,0
767,32,3,18.67233663416165,aggressive,0
768,24,6,7.290988436481,balanced,0
769,22,7,7.719861287801225,balanced,1
770,35,6,22.93793476970399,balanced,0
771,31,2,49.36557320183753,aggressive,0
772,32,1,2.0313841745430903,balanced,0
773,28,5,8.187215723166176,balanced,0
774,31,2,9.836083404551555,balanced,0
775,34,5,7.08157113249511,aggressive,0
776,34,3,6.769238475096948,aggressive,0
777,43,5,0.8052633224194274,aggressive,0
778,27,5,17.353410153949795,conservative,1
779,27,5,8.596219079497669,conservative,1
780,29,6,3.249853328690433,conservative,1
781,38,6,25.395024235199188,conservative,0
782,28,5,24.334864912994544,aggressive,0
783,33,5,9.99441339433895,conservative,0
784,32,2,5.316960728289178,conservative,0
785,35,4,15.245508728655128,conservative,0
786,31,4,5.098365963695053,conservative,0
787,32,2,4.037968048115218,conservative,0
788,31,3,19.66861897465842,balanced,0
789,31,3,0.6174126494851361,balanced,0
790,33,4,1.4934680233646243,conservative,0
791,26,4,0.10216977713078569,balanced,0
792,30,2,2.4898126559918192,balanced,0
793,19,6,1.0722790497017949,conservative,1
794,35,4,82.0985200468063,balanced,0
795,35,4,5.112234200644932,balanced,0
796,29,4,2.4248720777859445,balanced,0
797,27,6,4.136228571330063,balanced,0
798,21,5,41.26254267433587,conservative,1
799,32,3,11.014545431559503,aggressive,0
800,32,5,6.80765787907025,aggressive,0
801,32,5,30.999829477159942,aggressive,0
802,22,5,7.537661090152033,conservative,0
803,36,4,6.119716883456292,aggressive,0
804,31,6,3.484325870718634,aggressive,0
805,24,2,7.117328848770275,aggressive,0
806,27,9,5.7119757406035205,conservative,1
807,26,2,16.965666739261366,balanced,0
808,27,2,5.128541125467611,aggressive,0
809,26,2,12.912831378432166,balanced,0
810,37,3,1.0224508862973276,balanced,0
811,24,6,3.1847077598446245,aggressive,0
812,29,2,7.848668094227907,balanced,0
813,23,4,41.45723074970447,balanced,0
814,34,3,7.104199702036357,balanced,0
815,29,9,16.36297113245189,aggressive,1
816,35,4,4.4173221679850325,conservative,0
817,32,0,2.037872764988913,balanced,0
818,34,4,0.904797087938873,balanced,0
819,43,4,5.466578586141665,balanced,0
820,19,3,2.573591471287534,balanced,0
821,26,3,2.8675973170663474,aggressive,1
822,39,1,21.454277339017185,aggressive,0
823,26,6,0.23947250131260114,conservative,0
824,29,8,12.240238640449997,balanced,1
825,19,3,7.157511556526306,conservative,1
826,14,2,10.595006132681812,balanced,0
827,39,6,12.411505291943902,balanced,0
828,30,2,5.639345213856758,aggressive,0
829,27,6,5.245678495522253,aggressive,1
830,41,3,19.830192120025043,conservative,0
831,29,3,30.751385668288535,conservative,0
832,26,1,3.208699827351721,balanced,0
833,25,3,1.5407728208185512,balanced,1
834,32,4,34.21173853062378,conservative,0
835,22,4,6.45933155798378,aggressive,0
836,25,3,12.021592869538388,aggressive,0
837,37,2,6.683602809017247,balanced,0
838,30,8,2.016731536646166,aggressive,1
839,37,3,13.349539683549732,balanced,0
840,20,4,11.17105573443821,balanced,0
841,31,4,3.4033877836295616,balanced,0
842,29,7,9.018615764552695,conservative,1
843,37,4,23.91436098695479,aggressive,1
844,29,2,13.389569033674848,balanced,0
845,32,2,1.52911764180398,balanced,0
846,19,3,11.91180990783569,balanced,0
847,35,4,18.19713571482905,conservative,0
848,25,5,23.604070333679772,conservative,0
849,24,6,14.878052852221185,balanced,1
850,34,6,2.484766229564927,balanced,0
851,25,6,18.577080083386424,balanced,0
852,37,2,16.967427948085977,balanced,0
853,25,2,0.3709525246459163,balanced,0
854,29,5,7.958989295775963,balanced,0
855,31,4,6.073359653821016,balanced,0
856,22,3,16.603238793845307,aggressive,1
857,36,3,3.6527925543929394,balanced,0
858,25,5,13.405905377960176,balanced,0
859,26,1,36.663260162546905,conservative,1
860,31,3,23.977645566835836,balanced,0
861,35,7,38.16177610393075,conservative,1
862,39,5,57.5996987118091,balanced,0
863,24,6,0.16091191525246656,conservative,0
864,35,5,14.622360860304514,balanced,1
865,23,4,7.986853473132295,balanced,1
866,32,4,29.476110620683258,balanced,0
867,29,4,4.351569106494097,conservative,0
868,21,5,59.47304346292046,conservative,0
869,35,3,14.267424599626107,balanced,1
870,32,5,23.664540113713695,conservative,1
871,38,5,1.3423001619403268,balanced,0
872,24,0,3.040151815383521,balanced,0
873,31,5,21.307305239897737,balanced,0
874,36,2,0.33347741844589435,balanced,1
875,33,6,25.464039068486386,aggressive,0
876,29,4,0.21070830803326837,conservative,0
877,29,3,16.055570421255588,conservative,0
878,30,5,6.814172953581869,conservative,1
879,27,7,14.181732902222596,conservative,1
880,22,4,17.86246343065808,conservative,0
881,23,2,6.289092392849385,balanced,0
882,29,5,1.713705731366888,balanced,1
883,32,3,1.082849669227341,balanced,1
884,27,0,13.33509620602893,balanced,0
885,32,3,11.030031423878492,balanced,1
886,33,9,20.33362654261973,balanced,0
887,33,4,10.69215387002536,conservative,0
888,24,5,8.234294563729629,balanced,0
889,25,4,7.614639877587363,conservative,0
890,26,2,0.4020436930668063,conservative,0
891,33,3,6.132097302699499,balanced,0
892,27,4,55.9581254759865,aggressive,0
893,37,5,31.019286076728314,balanced,0
894,35,4,5.993246085066229,conservative,0
895,26,5,13.293531948715739,aggressive,0
896,33,4,28.188881312775273,balanced,0
897,22,4,8.731450345616349,balanced,0
898,29,5,0.27181594415227134,aggressive,0
899,31,5,1.1614867649464475,balanced,1
900,29,3,10.712275220522878,conservative,0
901,26,3,52.320643281573794,balanced,0
902,34,2,17.723854685715455,balanced,0
903,34,1,1.1033449575086105,balanced,0
904,36,6,3.1489845032033115,balanced,0
905,37,3,22.131680665884797,aggressive,0
906,33,3,27.624310417545715,aggressive,1
907,21,3,14.423032158302883,aggressive,1
908,27,5,15.51020900856697,aggressive,0
909,27,4,0.43120058963826036,aggressive,0
910,34,6,26.4502270297821,conservative,1
911,38,3,23.28701999082342,conservative,1
912,33,1,4.497031241257953,balanced,0
913,38,3,18.499825507213174,aggressive,0
914,20,7,3.6282954540695487,balanced,1
915,35,5,0.6174895715328645,balanced,0
916,37,4,3.368478595084896,conservative,0
917,32,6,2.951703504150483,conservative,0
918,33,6,6.181636888448851,balanced,0
919,37,2,8.130861923538632,conservative,1
920,30,3,10.655587060501428,balanced,0
921,27,6,9.715549864391697,conservative,0
922,35,4,4.734529347906516,balanced,0
923,38,1,0.4440688788175872,balanced,1
924,32,2,13.93690228001188,balanced,0
925,31,5,7.556380546819452,balanced,1
926,25,3,5.321697341969039,conservative,0
927,22,5,30.254444429916074,aggressive,0
928,30,4,20.600275663856227,balanced,0
929,42,5,29.25417772642777,balanced,1
930,34,5,10.24744170616241,balanced,1
931,32,3,2.1049956805384067,conservative,0
932,26,6,17.871843769316882,aggressive,1
933,29,6,3.461471158316037,balanced,0
934,23,4,8.730251209549397,balanced,0
935,30,2,1.0081439023411307,conservative,0
936,32,3,26.170997389427967,aggressive,0
937,25,5,2.0191048381678995,balanced,0
938,25,5,35.010750500565656,conservative,1
939,22,3,29.95196155913206,balanced,0
940,35,3,9.370634347220394,aggressive,1
941,30,3,20.460257518628556,balanced,0
942,40,2,14.491871391781835,balanced,0
943,21,4,24.374033928563634,balanced,0
944,22,1,8.47936180047423,balanced,0
945,30,6,23.11327096105258,balanced,0
946,30,5,9.311192727952816,conservative,0
947,26,4,42.444572040946085,balanced,0
948,29,2,9.99384310887596,aggressive,0
949,39,4,9.315726673141564,balanced,0
950,32,5,23.061773198330215,balanced,0
951,36,5,25.854030307053097,balanced,0
952,32,5,12.128003964374248,balanced,1
953,26,6,2.9730660031276654,aggressive,0
954,32,6,9.459861596786482,balanced,0
955,22,4,51.66431494091679,conservative,1
956,29,4,20.974665679344735,aggressive,0
957,22,5,25.003034583156765,balanced,0
958,34,6,0.500645153588164,aggressive,0
959,20,4,9.462714848187114,balanced,0
960,41,6,15.60321782759782,aggressive,1
961,33,2,26.582236755769273,conservative,0
962,31,3,0.7579351702533282,balanced,0
963,32,4,28.702692815756762,aggressive,0
964,32,5,11.924407814734192,conservative,1
965,34,4,3.2968745771403096,conservative,0
966,38,6,5.7245123851288575,balanced,0
967,30,2,4.967813961141674,aggressive,0
968,26,7,11.352779837217627,conservative,0
969,31,2,0.7960390560934595,aggressive,0
970,22,3,2.589183530657647,balanced,0
971,27,7,25.12509792912418,balanced,0
972,32,2,2.1338947260947503,aggressive,1
973,33,3,3.986778895502702,balanced,1
974,33,2,9.05976345209469,conservative,1
975,27,5,10.919834139078661,conservative,1
976,29,1,21.634114866628934,balanced,0
977,39,4,8.894978871370885,balanced,0
978,27,2,23.40004941351381,aggressive,0
979,28,4,14.448624667477457,balanced,0
980,33,4,1.8003412319127567,balanced,0
981,28,3,2.5499334154561373,balanced,0
982,29,3,8.618033336169757,conservative,1
983,38,3,7.584820070440832,conservative,0
984,23,4,20.41198830668131,aggressive,0
985,32,4,13.038858066654079,conservative,1
986,27,3,7.368607091011709,conservative,0
987,28,5,2.8086900320514583,balanced,0
988,33,3,3.8589827732652457,balanced,0
989,28,5,12.852685086810169,aggressive,1
990,33,1,8.260106933348759,conservative,0
991,30,6,10.851853994204518,conservative,0
992,28,6,2.807191478470005,balanced,1
993,24,2,16.310913065425023,balanced,0
994,34,6,28.712846813576157,balanced,0
995,27,6,4.474867678448215,balanced,1
996,32,4,10.14477059932973,aggressive,0
997,44,2,55.65297381408467,aggressive,0
998,28,3,6.079915925569261,conservative,1
999,31,5,13.55973975500925,balanced,0
1000,31,3,1.4178863664603438,balanced,1
