user_id,days_active,score_views,session_minutes,risk_profile,premium_user,timestamp
1,28,5,15.709732947457454,balanced,1,2023-01-01 00:00:00
2,34,2,7.246509234509027,conservative,1,2023-01-01 01:00:00
3,23,4,16.62095982532317,aggressive,0,2023-01-01 02:00:00
4,32,7,7.691176029826712,balanced,1,2023-01-01 03:00:00
5,36,3,3.260309984573633,balanced,0,2023-01-01 04:00:00
6,24,7,0.6358749115528052,balanced,1,2023-01-01 05:00:00
7,27,2,1.7733212331388917,balanced,0,2023-01-01 06:00:00
8,29,5,22.541174460985467,balanced,1,2023-01-01 07:00:00
9,32,6,11.584394423424584,aggressive,0,2023-01-01 08:00:00
10,26,7,2.875510432190056,aggressive,1,2023-01-01 09:00:00
11,29,5,0.6785148555687162,balanced,0,2023-01-01 10:00:00
12,25,4,11.731698326516984,aggressive,0,2023-01-01 11:00:00
13,31,5,8.495851682072132,balanced,1,2023-01-01 12:00:00
14,32,5,5.183866773879795,balanced,0,2023-01-01 13:00:00
15,27,3,4.519459732366915,balanced,0,2023-01-01 14:00:00
16,33,1,2.4438541562489986,conservative,0,2023-01-01 15:00:00
17,22,4,11.074853073391695,conservative,0,2023-01-01 16:00:00
18,26,8,35.29077156312417,conservative,0,2023-01-01 17:00:00
19,27,3,1.9323923332935975,balanced,0,2023-01-01 18:00:00
20,31,2,9.091081386049115,balanced,0,2023-01-01 19:00:00
21,21,4,5.519689472436302,balanced,0,2023-01-01 20:00:00
22,17,3,5.918345456687275,aggressive,0,2023-01-01 21:00:00
23,28,3,2.932271247143336,balanced,0,2023-01-01 22:00:00
24,36,2,17.43740320279735,balanced,0,2023-01-01 23:00:00
25,26,5,6.640848202578184,conservative,0,2023-01-02 00:00:00
26,23,5,7.839603618723551,conservative,0,2023-01-02 01:00:00
27,35,4,3.6349948221178305,balanced,0,2023-01-02 02:00:00
28,33,3,2.006588202367116,balanced,0,2023-01-02 03:00:00
29,35,7,0.8982666879216906,balanced,0,2023-01-02 04:00:00
30,28,4,12.521801316149912,conservative,0,2023-01-02 05:00:00
31,37,3,8.471811980056291,balanced,1,2023-01-02 06:00:00
32,27,0,11.714260890795774,conservative,0,2023-01-02 07:00:00
33,27,2,4.949136369817238,conservative,0,2023-01-02 08:00:00
34,34,3,5.374687557404199,conservative,0,2023-01-02 09:00:00
35,38,3,15.487962691287278,conservative,1,2023-01-02 10:00:00
36,22,5,4.584047698479597,balanced,1,2023-01-02 11:00:00
37,34,4,1.0604961661401748,conservative,0,2023-01-02 12:00:00
38,35,5,3.70530215017796,aggressive,1,2023-01-02 13:00:00
39,30,7,10.898538382002938,balanced,0,2023-01-02 14:00:00
40,27,3,10.9596898966969,conservative,0,2023-01-02 15:00:00
41,39,5,3.371865217981344,conservative,1,2023-01-02 16:00:00
42,28,2,6.163762066663546,balanced,0,2023-01-02 17:00:00
43,25,6,2.149859502183439,conservative,1,2023-01-02 18:00:00
44,26,5,2.361934337496321,aggressive,0,2023-01-02 19:00:00
45,40,6,0.2331682503700255,aggressive,0,2023-01-02 20:00:00
46,32,3,22.70568632762163,conservative,0,2023-01-02 21:00:00
47,35,2,2.3661724658939094,balanced,0,2023-01-02 22:00:00
48,38,1,2.581671248112702,conservative,0,2023-01-02 23:00:00
49,27,2,3.279506543623965,balanced,0,2023-01-03 00:00:00
50,25,3,1.362872685020726,balanced,0,2023-01-03 01:00:00
51,29,2,10.19605794180303,conservative,0,2023-01-03 02:00:00
52,22,7,0.7811609738863186,conservative,1,2023-01-03 03:00:00
53,41,2,1.441041463879206,balanced,0,2023-01-03 04:00:00
54,30,4,10.349524469909284,balanced,0,2023-01-03 05:00:00
55,28,4,4.1500136473128615,conservative,0,2023-01-03 06:00:00
56,44,0,12.308228169935942,balanced,0,2023-01-03 07:00:00
57,30,4,17.564385564290504,balanced,1,2023-01-03 08:00:00
58,26,6,2.9574270297000576,aggressive,1,2023-01-03 09:00:00
59,32,4,10.521904997131024,conservative,0,2023-01-03 10:00:00
60,18,7,1.236078573698223,balanced,0,2023-01-03 11:00:00
61,39,2,7.687555644024446,balanced,0,2023-01-03 12:00:00
62,23,4,5.747387494730084,conservative,0,2023-01-03 13:00:00
63,33,5,3.118020788628684,balanced,1,2023-01-03 14:00:00
64,25,5,9.263536883615895,balanced,0,2023-01-03 15:00:00
65,28,1,25.66462127717604,aggressive,1,2023-01-03 16:00:00
66,32,5,68.16726764325567,conservative,0,2023-01-03 17:00:00
67,27,3,9.358884404633397,balanced,0,2023-01-03 18:00:00
68,33,4,2.5136855702635605,balanced,1,2023-01-03 19:00:00
69,30,2,2.5515951142546403,aggressive,0,2023-01-03 20:00:00
70,32,5,2.971885688661107,balanced,0,2023-01-03 21:00:00
71,33,8,6.528788973570614,aggressive,0,2023-01-03 22:00:00
72,41,4,4.577236597024536,aggressive,0,2023-01-03 23:00:00
73,27,9,24.512535914335803,conservative,1,2023-01-04 00:00:00
74,26,3,4.593335062666052,aggressive,0,2023-01-04 01:00:00
75,36,3,4.6751806665004185,aggressive,0,2023-01-04 02:00:00
76,30,0,12.31119432409416,conservative,1,2023-01-04 03:00:00
77,38,4,22.036025228692008,balanced,1,2023-01-04 04:00:00
78,27,4,13.917802257541677,balanced,1,2023-01-04 05:00:00
79,32,1,9.52355441279677,conservative,0,2023-01-04 06:00:00
80,24,3,4.066803798275884,conservative,0,2023-01-04 07:00:00
81,32,4,17.032222295376588,conservative,0,2023-01-04 08:00:00
82,22,7,0.3911913412253491,conservative,1,2023-01-04 09:00:00
83,31,4,24.66682746947339,balanced,1,2023-01-04 10:00:00
84,32,3,7.189777349381096,conservative,0,2023-01-04 11:00:00
85,34,1,9.185849832567552,aggressive,1,2023-01-04 12:00:00
86,27,5,6.8749773023388325,balanced,0,2023-01-04 13:00:00
87,32,7,17.233153696636194,conservative,0,2023-01-04 14:00:00
88,33,4,2.0096044885837734,balanced,1,2023-01-04 15:00:00
89,21,4,20.522300083002293,balanced,0,2023-01-04 16:00:00
90,26,1,5.919263672187146,aggressive,0,2023-01-04 17:00:00
91,38,8,4.200203024352991,conservative,1,2023-01-04 18:00:00
92,35,4,1.4878492782997363,conservative,0,2023-01-04 19:00:00
93,31,1,5.788642620326716,aggressive,0,2023-01-04 20:00:00
94,24,1,6.858196352817866,aggressive,0,2023-01-04 21:00:00
95,26,2,8.013778439176743,balanced,1,2023-01-04 22:00:00
96,32,4,11.352558183533512,balanced,0,2023-01-04 23:00:00
97,39,0,5.462741105691283,conservative,0,2023-01-05 00:00:00
98,29,7,32.54958490856672,balanced,1,2023-01-05 01:00:00
99,26,4,9.144861556606642,conservative,0,2023-01-05 02:00:00
100,37,7,16.47544511832584,conservative,1,2023-01-05 03:00:00
101,24,6,1.158103736323103,aggressive,1,2023-01-05 04:00:00
102,41,5,5.063212718510272,conservative,0,2023-01-05 05:00:00
103,31,7,4.1075060393476495,balanced,1,2023-01-05 06:00:00
104,23,6,8.427670456993338,aggressive,0,2023-01-05 07:00:00
105,37,8,19.740983706146903,conservative,0,2023-01-05 08:00:00
106,33,4,0.8157695326880186,aggressive,0,2023-01-05 09:00:00
107,28,2,0.7534313254465395,aggressive,0,2023-01-05 10:00:00
108,30,8,18.99240285519407,balanced,0,2023-01-05 11:00:00
109,35,6,8.079682716646248,conservative,0,2023-01-05 12:00:00
110,33,2,11.04891726484123,balanced,0,2023-01-05 13:00:00
111,38,5,7.828052548429984,balanced,1,2023-01-05 14:00:00
112,28,4,17.89124513099422,balanced,0,2023-01-05 15:00:00
113,31,3,1.336330090288986,conservative,0,2023-01-05 16:00:00
114,29,4,7.636014398406566,aggressive,1,2023-01-05 17:00:00
115,26,3,8.137755710278991,conservative,0,2023-01-05 18:00:00
116,13,3,29.25808031949795,balanced,0,2023-01-05 19:00:00
117,36,6,5.361395999127575,conservative,1,2023-01-05 20:00:00
118,23,3,3.959239207269732,balanced,0,2023-01-05 21:00:00
119,35,3,9.33155453200115,aggressive,0,2023-01-05 22:00:00
120,32,3,26.656892392483503,conservative,0,2023-01-05 23:00:00
121,18,5,18.13562432872746,conservative,0,2023-01-06 00:00:00
122,31,3,54.00042439159688,balanced,0,2023-01-06 01:00:00
123,30,4,0.2282715142793754,balanced,0,2023-01-06 02:00:00
124,35,3,1.1975038241641474,balanced,0,2023-01-06 03:00:00
125,29,3,9.402447609114905,balanced,0,2023-01-06 04:00:00
126,36,6,17.180060076229353,conservative,0,2023-01-06 05:00:00
127,28,4,3.358145321856739,aggressive,0,2023-01-06 06:00:00
128,23,7,2.733993420346303,aggressive,0,2023-01-06 07:00:00
129,31,0,15.463495017981057,balanced,0,2023-01-06 08:00:00
130,33,6,0.5803370087179582,aggressive,0,2023-01-06 09:00:00
131,31,3,4.610560149370293,balanced,0,2023-01-06 10:00:00
132,29,4,7.048336472616727,balanced,0,2023-01-06 11:00:00
133,28,3,14.500816369102148,conservative,1,2023-01-06 12:00:00
134,17,5,13.04217379834946,balanced,1,2023-01-06 13:00:00
135,37,3,4.3826580230776875,balanced,0,2023-01-06 14:00:00
136,30,2,9.48515271575828,conservative,0,2023-01-06 15:00:00
137,30,1,12.229745456235802,balanced,1,2023-01-06 16:00:00
138,24,4,7.932241247937975,balanced,0,2023-01-06 17:00:00
139,28,9,13.273415005641846,balanced,1,2023-01-06 18:00:00
140,32,2,6.990340395058694,balanced,1,2023-01-06 19:00:00
141,28,6,0.8844741150431102,aggressive,1,2023-01-06 20:00:00
142,30,5,6.749806188670483,conservative,1,2023-01-06 21:00:00
143,33,3,2.5435353367055207,balanced,0,2023-01-06 22:00:00
144,20,3,6.935431299831438,balanced,0,2023-01-06 23:00:00
145,41,2,18.35352490411513,balanced,0,2023-01-07 00:00:00
146,28,4,12.082932643813791,balanced,0,2023-01-07 01:00:00
147,29,3,15.56089601000968,conservative,0,2023-01-07 02:00:00
148,41,1,4.322850035474703,aggressive,0,2023-01-07 03:00:00
149,24,5,5.186120958927265,balanced,1,2023-01-07 04:00:00
150,22,4,5.003504900363955,aggressive,0,2023-01-07 05:00:00
151,21,7,2.1303628278197464,balanced,0,2023-01-07 06:00:00
152,20,4,0.6317055924404736,balanced,0,2023-01-07 07:00:00
153,36,7,8.938349919684612,aggressive,0,2023-01-07 08:00:00
154,36,4,45.297551003910456,balanced,0,2023-01-07 09:00:00
155,22,3,1.8251722187543364,balanced,0,2023-01-07 10:00:00
156,32,0,0.478097058700319,balanced,0,2023-01-07 11:00:00
157,34,4,15.12001276159639,aggressive,0,2023-01-07 12:00:00
158,26,1,2.9113603944710165,balanced,0,2023-01-07 13:00:00
159,34,3,17.69863771303441,balanced,0,2023-01-07 14:00:00
160,28,3,20.142773586781132,conservative,1,2023-01-07 15:00:00
161,27,2,29.127438236266208,aggressive,0,2023-01-07 16:00:00
162,37,5,6.16328711453515,conservative,0,2023-01-07 17:00:00
163,34,5,10.84620155085518,balanced,0,2023-01-07 18:00:00
164,22,5,6.2521713118648234,balanced,1,2023-01-07 19:00:00
165,30,3,9.958446142528844,balanced,0,2023-01-07 20:00:00
166,27,4,5.971080047336873,balanced,0,2023-01-07 21:00:00
167,28,0,2.0903387071022874,conservative,0,2023-01-07 22:00:00
168,39,3,7.090680801656102,balanced,0,2023-01-07 23:00:00
169,27,3,7.520147749081377,balanced,0,2023-01-08 00:00:00
170,42,8,16.63914416600045,aggressive,0,2023-01-08 01:00:00
171,32,4,13.29992313521503,conservative,0,2023-01-08 02:00:00
172,26,4,10.90024144401978,aggressive,0,2023-01-08 03:00:00
173,33,4,1.2034680179467097,balanced,0,2023-01-08 04:00:00
174,35,2,12.75169139742147,aggressive,0,2023-01-08 05:00:00
175,21,5,6.937576795855877,balanced,0,2023-01-08 06:00:00
176,19,2,22.45255645894845,balanced,0,2023-01-08 07:00:00
177,29,5,25.24116620948151,aggressive,0,2023-01-08 08:00:00
178,27,3,5.125903181677158,aggressive,1,2023-01-08 09:00:00
179,23,4,17.183690192639183,balanced,0,2023-01-08 10:00:00
180,32,6,0.3842631481079194,conservative,1,2023-01-08 11:00:00
181,21,3,4.575528638308111,balanced,0,2023-01-08 12:00:00
182,33,9,7.815412780585681,balanced,0,2023-01-08 13:00:00
183,28,4,1.6028706739959624,conservative,0,2023-01-08 14:00:00
184,28,4,13.71657258356797,conservative,0,2023-01-08 15:00:00
185,35,1,0.1,aggressive,0,2023-01-08 16:00:00
186,29,7,1.846431076297792,conservative,1,2023-01-08 17:00:00
187,22,4,8.693995836314652,balanced,0,2023-01-08 18:00:00
188,19,4,12.531194991754017,conservative,0,2023-01-08 19:00:00
189,22,4,24.846239220862376,balanced,0,2023-01-08 20:00:00
190,34,3,12.224649073120752,conservative,0,2023-01-08 21:00:00
191,44,1,11.140689403916667,conservative,0,2023-01-08 22:00:00
192,26,3,5.014383992007869,balanced,0,2023-01-08 23:00:00
193,20,9,0.1,aggressive,1,2023-01-09 00:00:00
194,32,2,1.280143637239216,conservative,0,2023-01-09 01:00:00
195,29,7,9.982246754819242,balanced,0,2023-01-09 02:00:00
196,31,2,11.243298252853062,balanced,0,2023-01-09 03:00:00
197,17,5,5.403373144728948,aggressive,0,2023-01-09 04:00:00
198,29,0,13.118513450622387,balanced,0,2023-01-09 05:00:00
199,26,3,7.378565029000956,balanced,0,2023-01-09 06:00:00
200,29,9,0.7707133846051177,balanced,1,2023-01-09 07:00:00
201,31,6,2.132133332473975,aggressive,0,2023-01-09 08:00:00
202,33,8,18.325703590846103,conservative,1,2023-01-09 09:00:00
203,27,5,12.906669466377693,balanced,0,2023-01-09 10:00:00
204,33,5,22.515307037607613,aggressive,0,2023-01-09 11:00:00
205,42,5,1.250613638040742,balanced,1,2023-01-09 12:00:00
206,32,2,46.27674991619463,balanced,0,2023-01-09 13:00:00
207,40,9,2.3497162037662496,balanced,1,2023-01-09 14:00:00
208,17,5,0.1184980876917084,balanced,1,2023-01-09 15:00:00
209,28,1,59.611056974379686,balanced,0,2023-01-09 16:00:00
210,31,4,3.299966879393366,balanced,0,2023-01-09 17:00:00
211,36,5,11.026789036875222,balanced,1,2023-01-09 18:00:00
212,29,3,1.94413143281258,balanced,0,2023-01-09 19:00:00
213,37,5,8.680448400777337,aggressive,1,2023-01-09 20:00:00
214,29,3,23.43771596174504,conservative,0,2023-01-09 21:00:00
215,43,4,3.859289389976945,balanced,0,2023-01-09 22:00:00
216,25,3,11.094325452113408,balanced,0,2023-01-09 23:00:00
217,32,1,2.0813621286178843,balanced,0,2023-01-10 00:00:00
218,22,5,9.80283798382421,conservative,1,2023-01-10 01:00:00
219,30,3,4.1015160030399285,balanced,0,2023-01-10 02:00:00
220,30,2,2.372529455608322,aggressive,0,2023-01-10 03:00:00
221,31,2,3.7568601562302826,balanced,0,2023-01-10 04:00:00
222,37,4,1.970386054481221,aggressive,0,2023-01-10 05:00:00
223,23,2,24.91483588565668,aggressive,1,2023-01-10 06:00:00
224,34,4,5.061480578498503,conservative,0,2023-01-10 07:00:00
225,33,3,9.747988676102931,conservative,1,2023-01-10 08:00:00
226,23,2,12.03871263103655,aggressive,1,2023-01-10 09:00:00
227,27,3,3.864512724240954,aggressive,0,2023-01-10 10:00:00
228,28,10,19.541035904136603,conservative,1,2023-01-10 11:00:00
229,39,4,35.480715158700065,conservative,0,2023-01-10 12:00:00
230,30,5,5.7631331824412655,conservative,0,2023-01-10 13:00:00
231,28,3,19.73521662295203,aggressive,0,2023-01-10 14:00:00
232,30,4,8.343952959304305,conservative,0,2023-01-10 15:00:00
233,30,4,1.7106791533506651,balanced,0,2023-01-10 16:00:00
234,32,3,11.731938473628784,aggressive,0,2023-01-10 17:00:00
235,20,6,7.203837453624749,conservative,0,2023-01-10 18:00:00
236,23,3,10.515565513251069,balanced,0,2023-01-10 19:00:00
237,23,5,22.04437239303356,conservative,1,2023-01-10 20:00:00
238,24,3,12.64799983486426,aggressive,1,2023-01-10 21:00:00
239,38,0,23.144312142180233,conservative,0,2023-01-10 22:00:00
240,33,6,13.88974005288231,balanced,0,2023-01-10 23:00:00
241,24,3,6.706128483145469,balanced,0,2023-01-11 00:00:00
242,24,2,9.2437869055582,conservative,0,2023-01-11 01:00:00
243,24,5,3.939038959939744,conservative,0,2023-01-11 02:00:00
244,22,6,41.103093076305754,balanced,0,2023-01-11 03:00:00
245,25,1,11.00667889118994,conservative,0,2023-01-11 04:00:00
246,30,6,0.4483718262753379,aggressive,0,2023-01-11 05:00:00
247,32,2,7.9950452349937295,aggressive,1,2023-01-11 06:00:00
248,19,2,9.763444813417175,balanced,0,2023-01-11 07:00:00
249,35,2,0.5798222368907986,balanced,0,2023-01-11 08:00:00
250,24,3,0.2417404317285802,balanced,0,2023-01-11 09:00:00
251,28,4,5.978810735955458,aggressive,0,2023-01-11 10:00:00
252,32,3,4.045008427005238,balanced,0,2023-01-11 11:00:00
253,29,3,5.767849013146609,conservative,0,2023-01-11 12:00:00
254,30,1,3.047513402178592,conservative,0,2023-01-11 13:00:00
255,22,4,1.7998558363654733,balanced,0,2023-01-11 14:00:00
256,30,7,11.684234279959815,balanced,0,2023-01-11 15:00:00
257,26,6,7.2272248244927715,balanced,0,2023-01-11 16:00:00
258,25,6,2.2333633395729797,conservative,1,2023-01-11 17:00:00
259,31,5,3.8505887810498938,balanced,0,2023-01-11 18:00:00
260,35,3,8.960174008256985,conservative,0,2023-01-11 19:00:00
261,21,2,0.7497071927568316,conservative,0,2023-01-11 20:00:00
262,31,5,1.595269502481864,balanced,0,2023-01-11 21:00:00
263,29,6,0.7606669362010111,conservative,0,2023-01-11 22:00:00
264,26,0,16.730026822966664,balanced,0,2023-01-11 23:00:00
265,32,6,13.959780297071188,balanced,0,2023-01-12 00:00:00
266,28,3,13.996346762745924,balanced,0,2023-01-12 01:00:00
267,32,4,16.733997698473534,balanced,1,2023-01-12 02:00:00
268,22,4,11.068020040344113,conservative,0,2023-01-12 03:00:00
269,26,3,6.481583568687649,conservative,0,2023-01-12 04:00:00
270,24,10,10.27999587633613,aggressive,0,2023-01-12 05:00:00
271,20,1,0.3911673553863447,balanced,0,2023-01-12 06:00:00
272,22,5,9.714452148991834,balanced,1,2023-01-12 07:00:00
273,36,2,15.045271728263058,conservative,0,2023-01-12 08:00:00
274,24,2,6.938641582958457,balanced,0,2023-01-12 09:00:00
275,40,3,4.424092070617669,balanced,0,2023-01-12 10:00:00
276,31,7,3.2493645901694936,balanced,0,2023-01-12 11:00:00
277,35,1,10.294651695317697,balanced,0,2023-01-12 12:00:00
278,27,2,11.802601795062994,conservative,0,2023-01-12 13:00:00
279,30,4,20.476917423005663,conservative,0,2023-01-12 14:00:00
280,22,6,4.190582006971966,aggressive,1,2023-01-12 15:00:00
281,26,1,14.68686491865232,aggressive,0,2023-01-12 16:00:00
282,23,4,8.24066728027723,conservative,0,2023-01-12 17:00:00
283,30,6,21.441848042284413,balanced,0,2023-01-12 18:00:00
284,27,3,7.503782969627992,conservative,0,2023-01-12 19:00:00
285,27,5,7.290434688100399,conservative,0,2023-01-12 20:00:00
286,26,3,8.624587311524273,balanced,0,2023-01-12 21:00:00
287,34,4,23.207056481105404,conservative,1,2023-01-12 22:00:00
288,29,6,33.43602629837865,balanced,0,2023-01-12 23:00:00
289,23,2,0.7640961575208148,balanced,0,2023-01-13 00:00:00
290,41,3,0.5491521657386788,conservative,0,2023-01-13 01:00:00
291,20,3,27.733944452648338,conservative,0,2023-01-13 02:00:00
292,31,4,7.54757992728456,aggressive,0,2023-01-13 03:00:00
293,23,9,9.542600662026532,conservative,0,2023-01-13 04:00:00
294,25,6,6.58598134970175,balanced,1,2023-01-13 05:00:00
295,24,6,0.9833795676655568,balanced,1,2023-01-13 06:00:00
296,33,5,14.614032333489655,balanced,1,2023-01-13 07:00:00
297,28,1,13.7525410994508,balanced,0,2023-01-13 08:00:00
298,28,0,3.7353531523643566,conservative,0,2023-01-13 09:00:00
299,29,9,3.6562811166817646,conservative,0,2023-01-13 10:00:00
300,29,2,18.191802925722246,conservative,0,2023-01-13 11:00:00
301,34,5,5.257943854806721,balanced,0,2023-01-13 12:00:00
302,28,4,21.295157761098807,balanced,0,2023-01-13 13:00:00
303,39,2,2.966040080112051,conservative,0,2023-01-13 14:00:00
304,32,4,8.989046194394787,conservative,0,2023-01-13 15:00:00
305,23,0,27.487812466612244,balanced,0,2023-01-13 16:00:00
306,32,3,11.335842453780185,balanced,0,2023-01-13 17:00:00
307,38,3,5.351692268984365,aggressive,0,2023-01-13 18:00:00
308,23,4,11.696815572865836,balanced,0,2023-01-13 19:00:00
309,26,2,4.21563448319192,balanced,0,2023-01-13 20:00:00
310,27,1,3.247035430503171,balanced,0,2023-01-13 21:00:00
311,22,0,57.08778313507593,aggressive,0,2023-01-13 22:00:00
312,23,2,13.89460292114004,aggressive,0,2023-01-13 23:00:00
313,35,6,10.348490043353156,balanced,0,2023-01-14 00:00:00
314,25,3,4.389541222984246,conservative,0,2023-01-14 01:00:00
315,34,4,0.5041034656919646,conservative,0,2023-01-14 02:00:00
316,33,4,0.3154936441274069,balanced,0,2023-01-14 03:00:00
317,26,2,8.078428119174566,balanced,0,2023-01-14 04:00:00
318,31,3,14.356220981197229,balanced,0,2023-01-14 05:00:00
319,29,3,7.708475462878866,conservative,0,2023-01-14 06:00:00
320,23,4,18.375002407412463,balanced,0,2023-01-14 07:00:00
321,30,4,0.3399796986847794,aggressive,0,2023-01-14 08:00:00
322,40,1,11.039196917152676,conservative,1,2023-01-14 09:00:00
323,33,5,2.705895077519065,balanced,1,2023-01-14 10:00:00
324,31,3,5.9289101263097255,balanced,0,2023-01-14 11:00:00
325,29,6,0.7512922458664466,aggressive,0,2023-01-14 12:00:00
326,40,3,30.819797584795985,aggressive,0,2023-01-14 13:00:00
327,29,8,2.526436841536394,balanced,1,2023-01-14 14:00:00
328,23,4,25.55000097189736,balanced,0,2023-01-14 15:00:00
329,37,8,5.549397589335895,aggressive,0,2023-01-14 16:00:00
330,31,4,42.35272378574325,balanced,0,2023-01-14 17:00:00
331,18,4,8.07567240150137,balanced,0,2023-01-14 18:00:00
332,35,5,26.712294450021243,balanced,0,2023-01-14 19:00:00
333,27,5,0.1,conservative,0,2023-01-14 20:00:00
334,31,4,13.792742843437589,balanced,0,2023-01-14 21:00:00
335,27,2,23.33566633804206,aggressive,0,2023-01-14 22:00:00
336,34,3,6.517743285855109,balanced,1,2023-01-14 23:00:00
337,25,5,1.0106514479934616,balanced,0,2023-01-15 00:00:00
338,23,0,5.526422224388531,conservative,0,2023-01-15 01:00:00
339,30,2,27.132472745175228,balanced,0,2023-01-15 02:00:00
340,39,4,7.817304691346432,conservative,0,2023-01-15 03:00:00
341,31,4,7.496253960215274,conservative,0,2023-01-15 04:00:00
342,23,3,1.5213318768305817,balanced,0,2023-01-15 05:00:00
343,30,4,0.1,conservative,0,2023-01-15 06:00:00
344,20,9,16.614687984884704,balanced,1,2023-01-15 07:00:00
345,25,0,0.9164890972579918,balanced,0,2023-01-15 08:00:00
346,25,4,10.047116984193948,aggressive,0,2023-01-15 09:00:00
347,31,0,24.606018725738977,balanced,0,2023-01-15 10:00:00
348,35,5,2.3401734879397855,conservative,0,2023-01-15 11:00:00
349,30,4,10.944395155187756,conservative,0,2023-01-15 12:00:00
350,28,4,0.8196801799436331,balanced,0,2023-01-15 13:00:00
351,23,3,9.257229351685648,balanced,0,2023-01-15 14:00:00
352,28,5,1.7904499573158057,balanced,1,2023-01-15 15:00:00
353,32,4,14.619785781505074,balanced,1,2023-01-15 16:00:00
354,34,2,3.584354853454127,conservative,0,2023-01-15 17:00:00
355,25,7,6.224855852693554,balanced,0,2023-01-15 18:00:00
356,35,5,9.14868099364882,balanced,1,2023-01-15 19:00:00
357,32,2,1.8786498604544335,conservative,0,2023-01-15 20:00:00
358,22,8,13.533928746642411,conservative,0,2023-01-15 21:00:00
359,36,1,3.60453990745172,conservative,0,2023-01-15 22:00:00
360,33,4,11.768843656347777,conservative,1,2023-01-15 23:00:00
361,25,4,1.72311485981935,balanced,0,2023-01-16 00:00:00
362,24,1,11.651292751384505,conservative,0,2023-01-16 01:00:00
363,29,3,1.371815581639077,conservative,0,2023-01-16 02:00:00
364,36,3,5.540054239732568,conservative,0,2023-01-16 03:00:00
365,26,6,2.83963758940748,aggressive,1,2023-01-16 04:00:00
366,31,4,13.798163862921516,aggressive,0,2023-01-16 05:00:00
367,32,4,3.038588870877084,conservative,0,2023-01-16 06:00:00
368,31,1,25.18880967149436,balanced,1,2023-01-16 07:00:00
369,35,6,22.239607267523837,conservative,1,2023-01-16 08:00:00
370,37,3,2.1870506003449512,balanced,0,2023-01-16 09:00:00
371,38,3,16.627391332753927,conservative,1,2023-01-16 10:00:00
372,29,3,0.918057334478092,balanced,0,2023-01-16 11:00:00
373,26,4,11.544776686831312,balanced,1,2023-01-16 12:00:00
374,32,6,19.322101335827977,aggressive,1,2023-01-16 13:00:00
375,23,7,13.797055299377536,conservative,0,2023-01-16 14:00:00
376,24,2,9.800313565001147,aggressive,0,2023-01-16 15:00:00
377,22,3,3.3203928580987805,balanced,0,2023-01-16 16:00:00
378,26,3,4.74855298678322,conservative,0,2023-01-16 17:00:00
379,32,4,9.318138773970125,balanced,1,2023-01-16 18:00:00
380,25,4,12.69481824453701,conservative,0,2023-01-16 19:00:00
381,37,3,7.009551773686839,conservative,0,2023-01-16 20:00:00
382,32,5,12.336269488324906,conservative,1,2023-01-16 21:00:00
383,29,5,2.862744300412168,balanced,0,2023-01-16 22:00:00
384,30,4,3.922106803668539,balanced,0,2023-01-16 23:00:00
385,24,8,4.067889899433012,aggressive,0,2023-01-17 00:00:00
386,21,4,0.2607954392604194,conservative,0,2023-01-17 01:00:00
387,26,3,4.1710439177790075,aggressive,0,2023-01-17 02:00:00
388,26,5,19.331201450557153,conservative,0,2023-01-17 03:00:00
389,34,9,22.7592851512216,balanced,0,2023-01-17 04:00:00
390,31,5,7.302642045424847,balanced,1,2023-01-17 05:00:00
391,34,2,6.078904499642351,conservative,0,2023-01-17 06:00:00
392,31,5,0.3130969141414316,aggressive,0,2023-01-17 07:00:00
393,30,2,21.136549012898634,balanced,0,2023-01-17 08:00:00
394,27,2,5.556604672854021,balanced,1,2023-01-17 09:00:00
395,22,5,28.958883903538677,balanced,0,2023-01-17 10:00:00
396,34,2,6.718089656039678,balanced,0,2023-01-17 11:00:00
397,33,5,4.184507987741728,balanced,1,2023-01-17 12:00:00
398,26,1,25.799002196416588,balanced,0,2023-01-17 13:00:00
399,35,3,0.2469338052851552,conservative,0,2023-01-17 14:00:00
400,26,3,8.708989424757013,balanced,0,2023-01-17 15:00:00
401,28,2,7.961383375868713,aggressive,0,2023-01-17 16:00:00
402,39,6,2.475904581447971,conservative,0,2023-01-17 17:00:00
403,42,2,5.60168945761876,conservative,0,2023-01-17 18:00:00
404,24,0,10.563117248883726,balanced,0,2023-01-17 19:00:00
405,37,5,12.98764173969264,balanced,1,2023-01-17 20:00:00
406,35,2,0.1,balanced,0,2023-01-17 21:00:00
407,33,5,32.60226290243267,conservative,0,2023-01-17 22:00:00
408,26,1,1.797552993225995,balanced,0,2023-01-17 23:00:00
409,41,5,2.6602552319201394,conservative,0,2023-01-18 00:00:00
410,24,5,7.7103522493987615,balanced,0,2023-01-18 01:00:00
411,39,5,0.385538775516863,balanced,1,2023-01-18 02:00:00
412,33,8,1.3130772234466574,conservative,1,2023-01-18 03:00:00
413,41,4,42.94010112250766,balanced,0,2023-01-18 04:00:00
414,27,5,3.786528957168575,aggressive,1,2023-01-18 05:00:00
415,25,6,1.2250790693285698,balanced,0,2023-01-18 06:00:00
416,20,5,1.131589122348449,aggressive,0,2023-01-18 07:00:00
417,27,4,12.71038846448485,balanced,0,2023-01-18 08:00:00
418,19,2,19.28051221508926,balanced,0,2023-01-18 09:00:00
419,31,7,10.647134641302106,conservative,0,2023-01-18 10:00:00
420,27,2,0.2113121205612556,conservative,0,2023-01-18 11:00:00
421,38,4,2.5243078918109263,conservative,0,2023-01-18 12:00:00
422,25,3,0.5817554472703613,balanced,0,2023-01-18 13:00:00
423,37,4,1.0913979997587562,aggressive,0,2023-01-18 14:00:00
424,37,5,5.647682488269562,balanced,0,2023-01-18 15:00:00
425,41,2,6.202366538520668,balanced,1,2023-01-18 16:00:00
426,35,7,7.255585572885687,balanced,0,2023-01-18 17:00:00
427,30,2,2.9235129399663173,balanced,0,2023-01-18 18:00:00
428,35,5,28.224060723135885,balanced,1,2023-01-18 19:00:00
429,29,1,23.638645884099564,balanced,0,2023-01-18 20:00:00
430,25,3,8.365698567765499,balanced,0,2023-01-18 21:00:00
431,28,1,4.376123250270115,conservative,0,2023-01-18 22:00:00
432,26,4,4.798873236872913,aggressive,0,2023-01-18 23:00:00
433,16,5,5.307771434917429,conservative,0,2023-01-19 00:00:00
434,28,5,13.004077976573376,conservative,0,2023-01-19 01:00:00
435,35,3,6.008214416246606,aggressive,0,2023-01-19 02:00:00
436,29,4,19.430239436972748,balanced,0,2023-01-19 03:00:00
437,41,4,28.840976282221657,balanced,0,2023-01-19 04:00:00
438,32,9,4.093920384848343,balanced,1,2023-01-19 05:00:00
439,41,5,8.2256016576581,balanced,1,2023-01-19 06:00:00
440,32,5,0.9988280887183774,conservative,0,2023-01-19 07:00:00
441,25,7,2.237300329689079,balanced,0,2023-01-19 08:00:00
442,25,3,7.636031926689816,balanced,1,2023-01-19 09:00:00
443,35,2,2.3092716003204448,balanced,0,2023-01-19 10:00:00
444,28,7,25.96003144105758,balanced,0,2023-01-19 11:00:00
445,33,7,1.7231529410986957,aggressive,0,2023-01-19 12:00:00
446,36,5,6.081827366230906,conservative,1,2023-01-19 13:00:00
447,25,6,13.506759649430183,balanced,0,2023-01-19 14:00:00
448,31,5,11.772137369778182,balanced,1,2023-01-19 15:00:00
449,26,2,4.829986920726029,aggressive,0,2023-01-19 16:00:00
450,33,5,20.333144916892103,conservative,1,2023-01-19 17:00:00
451,21,7,20.15545323227107,balanced,1,2023-01-19 18:00:00
452,28,6,12.142414131166213,aggressive,0,2023-01-19 19:00:00
453,34,2,0.6960802571127356,conservative,0,2023-01-19 20:00:00
454,21,6,6.249082676593252,aggressive,0,2023-01-19 21:00:00
455,33,3,17.1889481135695,conservative,0,2023-01-19 22:00:00
456,37,5,9.53320494289243,balanced,1,2023-01-19 23:00:00
457,30,4,17.84758753894771,aggressive,0,2023-01-20 00:00:00
458,36,2,6.812416743861647,balanced,0,2023-01-20 01:00:00
459,33,5,1.26086835200115,balanced,0,2023-01-20 02:00:00
460,26,6,0.1373372315865824,conservative,0,2023-01-20 03:00:00
461,35,6,3.6128490595928575,aggressive,0,2023-01-20 04:00:00
462,33,3,16.154285957294626,balanced,1,2023-01-20 05:00:00
463,33,4,15.618861525884448,conservative,0,2023-01-20 06:00:00
464,32,4,3.5062589725374753,balanced,0,2023-01-20 07:00:00
465,24,5,9.73270267805644,balanced,0,2023-01-20 08:00:00
466,37,2,5.4665818421564065,conservative,0,2023-01-20 09:00:00
467,36,1,5.285192100509374,conservative,0,2023-01-20 10:00:00
468,27,1,2.631178755211772,conservative,0,2023-01-20 11:00:00
469,24,7,1.4661212215811548,balanced,1,2023-01-20 12:00:00
470,36,7,2.1901279244708265,balanced,0,2023-01-20 13:00:00
471,32,5,0.5692214580874584,balanced,0,2023-01-20 14:00:00
472,32,5,2.2080970413492897,aggressive,0,2023-01-20 15:00:00
473,35,2,1.331858052137994,aggressive,1,2023-01-20 16:00:00
474,34,1,9.868698625086962,balanced,0,2023-01-20 17:00:00
475,44,6,3.8034635323811745,conservative,0,2023-01-20 18:00:00
476,22,3,36.172925100823214,balanced,0,2023-01-20 19:00:00
477,33,3,2.1532054445299407,balanced,0,2023-01-20 20:00:00
478,27,3,4.2438583696479215,balanced,0,2023-01-20 21:00:00
479,20,2,7.378757723008806,balanced,1,2023-01-20 22:00:00
480,27,4,0.1,balanced,0,2023-01-20 23:00:00
481,34,3,18.27643382661033,aggressive,0,2023-01-21 00:00:00
482,34,7,0.3251746873053621,conservative,1,2023-01-21 01:00:00
483,30,4,28.16412462983105,balanced,0,2023-01-21 02:00:00
484,33,3,22.263127249908756,conservative,0,2023-01-21 03:00:00
485,29,5,7.668409039424598,aggressive,1,2023-01-21 04:00:00
486,24,2,7.843759654042603,conservative,0,2023-01-21 05:00:00
487,33,4,10.606748686491814,conservative,0,2023-01-21 06:00:00
488,21,3,4.894719319123584,balanced,0,2023-01-21 07:00:00
489,32,5,10.419171184028231,balanced,0,2023-01-21 08:00:00
490,42,2,0.4580144297230278,conservative,0,2023-01-21 09:00:00
491,29,6,0.5556305723331473,balanced,0,2023-01-21 10:00:00
492,29,3,6.110703946322649,balanced,0,2023-01-21 11:00:00
493,28,4,7.976687173834806,conservative,0,2023-01-21 12:00:00
494,38,5,27.10617874850456,balanced,0,2023-01-21 13:00:00
495,25,4,1.1055245258666984,aggressive,0,2023-01-21 14:00:00
496,32,4,17.296184101730073,balanced,0,2023-01-21 15:00:00
497,37,2,10.21247986258209,balanced,1,2023-01-21 16:00:00
498,46,3,5.010133362853076,balanced,0,2023-01-21 17:00:00
499,37,2,3.8067850212176846,balanced,0,2023-01-21 18:00:00
500,34,1,5.110844453664099,conservative,0,2023-01-21 19:00:00
501,23,3,1.6310203838164474,conservative,0,2023-01-21 20:00:00
502,39,4,7.003129422221013,aggressive,0,2023-01-21 21:00:00
503,35,4,16.176847736642596,aggressive,0,2023-01-21 22:00:00
504,22,7,5.825615582606809,balanced,1,2023-01-21 23:00:00
505,33,2,6.745483675539895,conservative,0,2023-01-22 00:00:00
506,25,5,18.889374551533777,conservative,0,2023-01-22 01:00:00
507,19,8,12.243732000193544,balanced,1,2023-01-22 02:00:00
508,26,9,6.742359475352347,balanced,0,2023-01-22 03:00:00
509,27,2,2.979959422719944,conservative,0,2023-01-22 04:00:00
510,28,4,21.62186369450245,aggressive,0,2023-01-22 05:00:00
511,32,4,8.60431332045955,balanced,0,2023-01-22 06:00:00
512,33,6,2.4993373772953253,aggressive,1,2023-01-22 07:00:00
513,35,5,3.13505652950605,balanced,0,2023-01-22 08:00:00
514,30,1,16.252273569066162,balanced,0,2023-01-22 09:00:00
515,23,2,7.694874675990502,balanced,1,2023-01-22 10:00:00
516,32,6,48.39904024537674,balanced,1,2023-01-22 11:00:00
517,31,5,1.39666378613531,balanced,0,2023-01-22 12:00:00
518,27,4,15.899712503764384,balanced,0,2023-01-22 13:00:00
519,21,5,5.021555126578649,balanced,1,2023-01-22 14:00:00
520,14,4,6.776994796315043,aggressive,0,2023-01-22 15:00:00
521,28,4,21.256997646218885,balanced,0,2023-01-22 16:00:00
522,31,1,10.783981415085972,balanced,1,2023-01-22 17:00:00
523,35,8,7.710952165494716,aggressive,0,2023-01-22 18:00:00
524,24,2,0.5055636852009737,conservative,0,2023-01-22 19:00:00
525,32,4,0.1,conservative,0,2023-01-22 20:00:00
526,18,7,7.161389628452758,balanced,0,2023-01-22 21:00:00
527,33,6,11.412581107222962,balanced,1,2023-01-22 22:00:00
528,34,3,1.2927178434698874,aggressive,0,2023-01-22 23:00:00
529,27,5,1.2076969494142404,balanced,0,2023-01-23 00:00:00
530,31,5,5.292622181711275,balanced,1,2023-01-23 01:00:00
531,29,3,10.436612520169056,balanced,0,2023-01-23 02:00:00
532,30,3,17.988072744601926,conservative,1,2023-01-23 03:00:00
533,21,5,1.965632996048391,balanced,1,2023-01-23 04:00:00
534,26,1,0.8293404321158143,aggressive,0,2023-01-23 05:00:00
535,37,4,28.200499401347606,conservative,0,2023-01-23 06:00:00
536,24,2,3.020060154687301,balanced,0,2023-01-23 07:00:00
537,33,1,19.196826011894057,balanced,0,2023-01-23 08:00:00
538,31,2,23.876404328496054,conservative,1,2023-01-23 09:00:00
539,25,4,14.807043499728902,conservative,0,2023-01-23 10:00:00
540,20,4,10.285980706549616,aggressive,1,2023-01-23 11:00:00
541,26,2,17.248569528353002,balanced,0,2023-01-23 12:00:00
542,37,9,14.664228291842868,conservative,0,2023-01-23 13:00:00
543,34,4,9.081315837021627,conservative,0,2023-01-23 14:00:00
544,27,5,4.112850639971361,balanced,0,2023-01-23 15:00:00
545,37,4,3.045008576383135,balanced,0,2023-01-23 16:00:00
546,29,3,1.2998251116649586,balanced,0,2023-01-23 17:00:00
547,30,6,7.128542289017164,conservative,0,2023-01-23 18:00:00
548,38,5,8.801055720994963,aggressive,0,2023-01-23 19:00:00
549,26,5,9.074167720534907,balanced,0,2023-01-23 20:00:00
550,39,4,6.450411888228547,balanced,0,2023-01-23 21:00:00
551,32,4,9.345260034491726,balanced,1,2023-01-23 22:00:00
552,34,3,10.244497633958185,balanced,0,2023-01-23 23:00:00
553,24,1,23.15257123057854,aggressive,0,2023-01-24 00:00:00
554,47,1,1.790312901192286,aggressive,0,2023-01-24 01:00:00
555,37,5,4.803106605123801,balanced,1,2023-01-24 02:00:00
556,26,6,1.5183340472694713,aggressive,0,2023-01-24 03:00:00
557,29,6,9.806793186733264,balanced,0,2023-01-24 04:00:00
558,28,3,13.05158747459008,aggressive,0,2023-01-24 05:00:00
559,24,6,26.86965052433213,conservative,0,2023-01-24 06:00:00
560,46,5,3.269385239922088,balanced,0,2023-01-24 07:00:00
561,33,6,29.999653376498543,conservative,0,2023-01-24 08:00:00
562,35,1,0.6535236883050113,aggressive,0,2023-01-24 09:00:00
563,25,3,9.23853919218499,conservative,0,2023-01-24 10:00:00
564,24,3,0.5882974786911833,balanced,0,2023-01-24 11:00:00
565,27,6,22.42188146617884,balanced,1,2023-01-24 12:00:00
566,29,2,7.54616405226837,balanced,0,2023-01-24 13:00:00
567,32,9,11.066898770099886,balanced,1,2023-01-24 14:00:00
568,24,4,17.81258354898527,aggressive,0,2023-01-24 15:00:00
569,33,3,1.6288443450302572,balanced,0,2023-01-24 16:00:00
570,36,5,0.393559467125861,aggressive,0,2023-01-24 17:00:00
571,31,5,21.109829503091223,conservative,1,2023-01-24 18:00:00
572,25,2,3.7823896730845674,balanced,0,2023-01-24 19:00:00
573,26,3,1.3808908649535547,balanced,0,2023-01-24 20:00:00
574,30,5,6.319791526968982,conservative,0,2023-01-24 21:00:00
575,16,4,9.120648626902552,balanced,0,2023-01-24 22:00:00
576,29,3,0.3146033052625571,balanced,0,2023-01-24 23:00:00
577,27,1,3.2143971483750464,balanced,0,2023-01-25 00:00:00
578,16,4,0.3334984969489593,balanced,0,2023-01-25 01:00:00
579,32,2,5.4530559993048575,balanced,0,2023-01-25 02:00:00
580,29,8,22.547480406651893,conservative,1,2023-01-25 03:00:00
581,30,7,40.54301773233226,conservative,1,2023-01-25 04:00:00
582,23,5,10.703189696819871,balanced,1,2023-01-25 05:00:00
583,27,2,6.372179563111384,conservative,1,2023-01-25 06:00:00
584,25,4,23.62859544869755,conservative,0,2023-01-25 07:00:00
585,47,6,7.261825348034336,balanced,0,2023-01-25 08:00:00
586,33,3,1.6693964187907646,balanced,0,2023-01-25 09:00:00
587,37,2,25.475483400285587,balanced,0,2023-01-25 10:00:00
588,33,5,14.16625950863978,balanced,0,2023-01-25 11:00:00
589,41,5,19.82966001677885,balanced,0,2023-01-25 12:00:00
590,30,5,12.350531799341272,balanced,1,2023-01-25 13:00:00
591,37,5,2.2356841792780147,balanced,0,2023-01-25 14:00:00
592,33,6,2.3699743942384615,balanced,1,2023-01-25 15:00:00
593,25,4,11.65691629924246,balanced,0,2023-01-25 16:00:00
594,28,0,5.3456145847125605,balanced,1,2023-01-25 17:00:00
595,22,6,9.273052670401244,conservative,0,2023-01-25 18:00:00
596,37,5,15.232685905122471,balanced,1,2023-01-25 19:00:00
597,31,6,15.322570718345371,balanced,0,2023-01-25 20:00:00
598,37,6,6.037851514830622,aggressive,0,2023-01-25 21:00:00
599,27,2,15.711307812546076,aggressive,0,2023-01-25 22:00:00
600,35,2,18.24004576863257,balanced,0,2023-01-25 23:00:00
601,35,3,10.635610768293557,conservative,0,2023-01-26 00:00:00
602,36,6,2.593225033180049,conservative,0,2023-01-26 01:00:00
603,31,4,3.2022149071536483,balanced,0,2023-01-26 02:00:00
604,27,3,3.781045776879672,balanced,0,2023-01-26 03:00:00
605,28,3,1.2420825443700605,conservative,0,2023-01-26 04:00:00
606,28,3,9.77590589446055,balanced,1,2023-01-26 05:00:00
607,25,4,4.397824971056545,conservative,1,2023-01-26 06:00:00
608,25,2,13.191330784900064,aggressive,1,2023-01-26 07:00:00
609,32,4,23.907340026079105,conservative,0,2023-01-26 08:00:00
610,32,4,1.1035107754867992,aggressive,0,2023-01-26 09:00:00
611,28,6,12.739230051471193,aggressive,0,2023-01-26 10:00:00
612,30,2,11.62456664902017,balanced,0,2023-01-26 11:00:00
613,28,1,1.0065405141573611,balanced,0,2023-01-26 12:00:00
614,31,5,25.58412036161807,balanced,0,2023-01-26 13:00:00
615,32,5,8.404233491125812,balanced,1,2023-01-26 14:00:00
616,36,6,8.456964601657985,balanced,0,2023-01-26 15:00:00
617,43,6,14.127968027941124,balanced,0,2023-01-26 16:00:00
618,24,1,2.9755122391428546,balanced,0,2023-01-26 17:00:00
619,32,3,11.825696188886852,balanced,0,2023-01-26 18:00:00
620,27,3,0.4052121431358122,balanced,0,2023-01-26 19:00:00
621,30,7,22.51174882003921,conservative,1,2023-01-26 20:00:00
622,26,6,5.94516786085149,balanced,0,2023-01-26 21:00:00
623,35,3,12.87731155363604,conservative,1,2023-01-26 22:00:00
624,27,4,2.500495683051111,conservative,0,2023-01-26 23:00:00
625,34,1,11.303311943687849,conservative,0,2023-01-27 00:00:00
626,29,4,14.794640473464067,conservative,0,2023-01-27 01:00:00
627,24,4,6.409593414771889,conservative,0,2023-01-27 02:00:00
628,24,1,9.616200672882002,aggressive,0,2023-01-27 03:00:00
629,33,2,6.0940533634662595,conservative,0,2023-01-27 04:00:00
630,31,6,22.45178530714009,balanced,1,2023-01-27 05:00:00
631,44,4,6.888945966547784,conservative,0,2023-01-27 06:00:00
632,35,2,18.439502759149992,aggressive,0,2023-01-27 07:00:00
633,42,7,21.918304101507346,balanced,1,2023-01-27 08:00:00
634,25,5,5.284887377461411,balanced,0,2023-01-27 09:00:00
635,32,4,2.6147449984018234,balanced,0,2023-01-27 10:00:00
636,28,6,5.210142394823565,balanced,0,2023-01-27 11:00:00
637,35,7,27.41924443846339,balanced,0,2023-01-27 12:00:00
638,36,3,9.145943002254777,conservative,1,2023-01-27 13:00:00
639,33,5,7.432545381491408,aggressive,1,2023-01-27 14:00:00
640,32,6,16.403959451400205,balanced,0,2023-01-27 15:00:00
641,31,2,4.361472401217594,balanced,0,2023-01-27 16:00:00
642,25,5,13.54950989931042,balanced,1,2023-01-27 17:00:00
643,32,2,10.08998518830074,balanced,1,2023-01-27 18:00:00
644,25,3,5.523886226821801,aggressive,1,2023-01-27 19:00:00
645,31,1,15.817460221423708,balanced,0,2023-01-27 20:00:00
646,33,2,1.04215197794472,balanced,0,2023-01-27 21:00:00
647,29,3,10.91501855855305,conservative,1,2023-01-27 22:00:00
648,23,3,19.31776455906584,aggressive,0,2023-01-27 23:00:00
649,34,6,4.253657494379234,balanced,1,2023-01-28 00:00:00
650,26,1,36.13599436742468,conservative,0,2023-01-28 01:00:00
651,24,5,45.60162473515738,conservative,0,2023-01-28 02:00:00
652,25,6,3.123519132546257,balanced,1,2023-01-28 03:00:00
653,20,6,0.4184149554516402,aggressive,1,2023-01-28 04:00:00
654,20,3,12.20994468385708,conservative,0,2023-01-28 05:00:00
655,25,4,5.996322524348278,balanced,0,2023-01-28 06:00:00
656,38,5,1.0619735900198164,conservative,0,2023-01-28 07:00:00
657,30,4,12.293686289535914,balanced,0,2023-01-28 08:00:00
658,27,4,0.316711881437802,balanced,0,2023-01-28 09:00:00
659,31,4,20.41734978059086,aggressive,0,2023-01-28 10:00:00
660,29,4,0.6062897621996293,balanced,1,2023-01-28 11:00:00
661,24,5,1.3617703639482337,aggressive,1,2023-01-28 12:00:00
662,25,2,1.931871314929461,balanced,0,2023-01-28 13:00:00
663,21,3,35.247411303859195,conservative,1,2023-01-28 14:00:00
664,34,2,11.814593456810876,balanced,0,2023-01-28 15:00:00
665,33,1,16.16319211677688,balanced,0,2023-01-28 16:00:00
666,40,8,5.068916814286077,aggressive,1,2023-01-28 17:00:00
667,28,1,4.099442156074044,aggressive,0,2023-01-28 18:00:00
668,31,10,2.6720517159208876,conservative,0,2023-01-28 19:00:00
669,30,5,6.551734528630516,conservative,0,2023-01-28 20:00:00
670,21,6,8.025798284034476,conservative,0,2023-01-28 21:00:00
671,23,3,9.990606900095816,aggressive,0,2023-01-28 22:00:00
672,35,6,2.9721874092660454,aggressive,0,2023-01-28 23:00:00
673,26,4,29.69169818073171,balanced,0,2023-01-29 00:00:00
674,31,3,1.8603865449839616,balanced,0,2023-01-29 01:00:00
675,28,0,33.71245688643728,balanced,0,2023-01-29 02:00:00
676,32,5,0.1496757995671503,balanced,1,2023-01-29 03:00:00
677,39,8,6.560936059113805,conservative,0,2023-01-29 04:00:00
678,28,2,4.055168666224573,balanced,0,2023-01-29 05:00:00
679,37,3,5.9624447664146825,conservative,0,2023-01-29 06:00:00
680,35,6,15.343938429424623,conservative,1,2023-01-29 07:00:00
681,21,1,11.023043038592068,aggressive,1,2023-01-29 08:00:00
682,24,5,5.358816716561955,balanced,0,2023-01-29 09:00:00
683,32,5,13.19471259424838,balanced,0,2023-01-29 10:00:00
684,23,7,11.579683422956272,balanced,1,2023-01-29 11:00:00
685,40,5,20.86636041190918,balanced,1,2023-01-29 12:00:00
686,32,1,2.876273822666438,balanced,0,2023-01-29 13:00:00
687,24,4,9.40400320700704,balanced,0,2023-01-29 14:00:00
688,28,6,8.799462313288645,balanced,0,2023-01-29 15:00:00
689,28,1,4.616193729546584,balanced,0,2023-01-29 16:00:00
690,45,1,10.389260659219977,conservative,1,2023-01-29 17:00:00
691,27,2,3.7656012631655096,balanced,0,2023-01-29 18:00:00
692,29,6,1.5296984117820256,balanced,0,2023-01-29 19:00:00
693,32,4,2.4054560588710796,balanced,0,2023-01-29 20:00:00
694,32,5,1.115056320482276,balanced,0,2023-01-29 21:00:00
695,23,8,11.490730092891662,balanced,0,2023-01-29 22:00:00
696,35,5,10.809513446366658,conservative,0,2023-01-29 23:00:00
697,19,6,30.07933842456464,balanced,0,2023-01-30 00:00:00
698,23,3,13.081429681679047,aggressive,0,2023-01-30 01:00:00
699,27,3,0.5344913101444707,conservative,0,2023-01-30 02:00:00
700,33,4,21.562808929666385,balanced,0,2023-01-30 03:00:00
701,36,4,19.854060863241607,balanced,0,2023-01-30 04:00:00
702,27,5,5.857652866552296,conservative,1,2023-01-30 05:00:00
703,30,4,8.815585640314227,balanced,0,2023-01-30 06:00:00
704,23,5,37.329706396421834,balanced,0,2023-01-30 07:00:00
705,29,3,7.599375447367722,balanced,0,2023-01-30 08:00:00
706,28,1,23.57271805634875,aggressive,0,2023-01-30 09:00:00
707,36,3,0.866900734969655,conservative,0,2023-01-30 10:00:00
708,35,3,2.1202047857571533,conservative,0,2023-01-30 11:00:00
709,29,3,5.811675180632463,aggressive,0,2023-01-30 12:00:00
710,34,6,8.788909263782433,balanced,1,2023-01-30 13:00:00
711,30,7,18.12811290054965,balanced,1,2023-01-30 14:00:00
712,44,5,44.449336463324144,balanced,0,2023-01-30 15:00:00
713,22,4,9.747406418765896,balanced,1,2023-01-30 16:00:00
714,29,2,0.4857660492192068,balanced,0,2023-01-30 17:00:00
715,21,0,16.153126514474884,conservative,0,2023-01-30 18:00:00
716,23,4,9.273029420057073,conservative,0,2023-01-30 19:00:00
717,34,3,2.2132378168505036,conservative,0,2023-01-30 20:00:00
718,28,5,6.828572175297412,aggressive,1,2023-01-30 21:00:00
719,29,3,13.559989197149651,conservative,0,2023-01-30 22:00:00
720,35,4,14.714679532615204,balanced,0,2023-01-30 23:00:00
721,33,6,6.923842956281919,aggressive,0,2023-01-31 00:00:00
722,26,3,3.6415215751212617,balanced,0,2023-01-31 01:00:00
723,29,3,36.398067408554866,balanced,0,2023-01-31 02:00:00
724,32,4,10.887489248335706,balanced,0,2023-01-31 03:00:00
725,20,5,5.246499397184403,balanced,1,2023-01-31 04:00:00
726,23,5,3.291476409722695,balanced,0,2023-01-31 05:00:00
727,30,4,13.134268091253473,balanced,0,2023-01-31 06:00:00
728,16,8,2.7731393528623975,aggressive,0,2023-01-31 07:00:00
729,34,6,1.8839193105909715,aggressive,1,2023-01-31 08:00:00
730,20,4,7.546692189786288,aggressive,0,2023-01-31 09:00:00
731,43,3,3.424725522651899,aggressive,0,2023-01-31 10:00:00
732,28,3,9.912975749934075,balanced,0,2023-01-31 11:00:00
733,27,4,10.676316409745205,balanced,1,2023-01-31 12:00:00
734,33,4,10.640401651212422,aggressive,0,2023-01-31 13:00:00
735,24,3,3.33093091564951,balanced,0,2023-01-31 14:00:00
736,33,4,0.1,aggressive,0,2023-01-31 15:00:00
737,26,3,1.3574648146529475,balanced,0,2023-01-31 16:00:00
738,26,5,27.122898432237772,balanced,0,2023-01-31 17:00:00
739,32,2,20.200761716097016,balanced,0,2023-01-31 18:00:00
740,25,6,2.660628374108968,aggressive,1,2023-01-31 19:00:00
741,32,5,21.67741225749947,conservative,1,2023-01-31 20:00:00
742,32,1,9.379526491728754,balanced,0,2023-01-31 21:00:00
743,35,5,35.37179023406595,balanced,0,2023-01-31 22:00:00
744,31,4,4.677751693624183,conservative,0,2023-01-31 23:00:00
745,36,0,11.440091460496935,balanced,0,2023-02-01 00:00:00
746,23,5,0.6564390243194452,balanced,0,2023-02-01 01:00:00
747,40,4,5.045906795180224,balanced,0,2023-02-01 02:00:00
748,28,6,33.191841573282005,balanced,0,2023-02-01 03:00:00
749,29,1,7.743157497530402,balanced,0,2023-02-01 04:00:00
750,41,2,3.395081449998449,balanced,0,2023-02-01 05:00:00
751,22,2,1.2814133157086125,balanced,0,2023-02-01 06:00:00
752,38,3,12.15803647512411,conservative,0,2023-02-01 07:00:00
753,26,3,19.733154604764017,aggressive,1,2023-02-01 08:00:00
754,39,1,4.683070110826722,balanced,0,2023-02-01 09:00:00
755,34,3,30.147387958888547,balanced,0,2023-02-01 10:00:00
756,36,3,0.2245300569573935,balanced,0,2023-02-01 11:00:00
757,35,3,3.6200893244129335,balanced,0,2023-02-01 12:00:00
758,24,2,25.391873869792093,balanced,0,2023-02-01 13:00:00
759,17,3,10.635184904250604,balanced,1,2023-02-01 14:00:00
760,23,6,2.90690371322351,balanced,1,2023-02-01 15:00:00
761,36,2,14.69538608103703,balanced,1,2023-02-01 16:00:00
762,30,4,17.361454969739714,balanced,0,2023-02-01 17:00:00
763,34,4,1.0886304332876566,conservative,0,2023-02-01 18:00:00
764,31,3,28.650674042850536,balanced,0,2023-02-01 19:00:00
765,27,4,15.85100881012118,conservative,0,2023-02-01 20:00:00
766,33,3,1.99976804156757,conservative,0,2023-02-01 21:00:00
767,32,3,12.448224422774432,aggressive,0,2023-02-01 22:00:00
768,24,6,4.860658957654,balanced,1,2023-02-01 23:00:00
769,22,7,14.094731567357533,balanced,0,2023-02-02 00:00:00
770,35,6,15.291956513135991,balanced,0,2023-02-02 01:00:00
771,31,2,32.910382134558354,aggressive,0,2023-02-02 02:00:00
772,32,1,1.3542561163620603,balanced,0,2023-02-02 03:00:00
773,28,5,5.458143815444117,balanced,1,2023-02-02 04:00:00
774,31,2,6.557388936367703,balanced,0,2023-02-02 05:00:00
775,34,5,10.47557394034786,aggressive,0,2023-02-02 06:00:00
776,34,3,4.512825650064632,aggressive,0,2023-02-02 07:00:00
777,43,5,0.5368422149462849,aggressive,1,2023-02-02 08:00:00
778,27,5,11.568940102633196,conservative,1,2023-02-02 09:00:00
779,27,5,5.730812719665113,conservative,1,2023-02-02 10:00:00
780,29,6,2.166568885793622,conservative,0,2023-02-02 11:00:00
781,38,6,16.93001615679946,conservative,0,2023-02-02 12:00:00
782,28,5,16.223243275329693,aggressive,0,2023-02-02 13:00:00
783,33,5,6.662942262892634,conservative,0,2023-02-02 14:00:00
784,32,2,3.5446404855261187,conservative,0,2023-02-02 15:00:00
785,35,4,10.163672485770086,conservative,0,2023-02-02 16:00:00
786,31,4,3.3989106424633686,conservative,0,2023-02-02 17:00:00
787,32,2,2.6919786987434784,conservative,0,2023-02-02 18:00:00
788,31,3,13.112412649772278,balanced,0,2023-02-02 19:00:00
789,31,3,0.4116084329900907,balanced,0,2023-02-02 20:00:00
790,33,4,0.9956453489097497,conservative,0,2023-02-02 21:00:00
791,26,4,0.1,balanced,0,2023-02-02 22:00:00
792,30,2,1.659875103994546,balanced,0,2023-02-02 23:00:00
793,19,6,0.7148526998011966,conservative,1,2023-02-03 00:00:00
794,35,4,54.73234669787087,balanced,0,2023-02-03 01:00:00
795,35,4,3.4081561337632875,balanced,0,2023-02-03 02:00:00
796,29,4,1.6165813851906297,balanced,0,2023-02-03 03:00:00
797,27,6,2.757485714220042,balanced,0,2023-02-03 04:00:00
798,21,5,32.13390713987682,conservative,1,2023-02-03 05:00:00
799,32,3,7.343030287706335,aggressive,0,2023-02-03 06:00:00
800,32,5,4.5384385860468335,aggressive,0,2023-02-03 07:00:00
801,32,5,20.666552984773293,aggressive,0,2023-02-03 08:00:00
802,22,5,5.0251073934346895,conservative,0,2023-02-03 09:00:00
803,36,4,4.0798112556375274,aggressive,0,2023-02-03 10:00:00
804,31,6,9.388198947056448,aggressive,1,2023-02-03 11:00:00
805,24,2,4.744885899180184,aggressive,0,2023-02-03 12:00:00
806,27,9,11.715664301312785,conservative,0,2023-02-03 13:00:00
807,26,2,11.31044449284091,balanced,0,2023-02-03 14:00:00
808,27,2,3.419027416978407,aggressive,0,2023-02-03 15:00:00
809,26,2,8.60855425228811,balanced,0,2023-02-03 16:00:00
810,37,3,0.6816339241982184,balanced,0,2023-02-03 17:00:00
811,24,6,2.123138506563083,aggressive,0,2023-02-03 18:00:00
812,29,2,5.232445396151938,balanced,0,2023-02-03 19:00:00
813,23,4,27.638153833136315,balanced,0,2023-02-03 20:00:00
814,34,3,4.736133134690905,balanced,0,2023-02-03 21:00:00
815,29,9,10.908647421634592,aggressive,1,2023-02-03 22:00:00
816,35,4,2.944881445323355,conservative,0,2023-02-03 23:00:00
817,32,0,1.358581843325942,balanced,0,2023-02-04 00:00:00
818,34,4,0.6031980586259154,balanced,0,2023-02-04 01:00:00
819,43,4,3.6443857240944433,balanced,0,2023-02-04 02:00:00
820,19,3,1.7157276475250227,balanced,0,2023-02-04 03:00:00
821,26,3,5.95180225928648,aggressive,1,2023-02-04 04:00:00
822,39,1,14.30285155934479,aggressive,0,2023-02-04 05:00:00
823,26,6,0.1596483342084007,conservative,0,2023-02-04 06:00:00
824,29,8,8.16015909363333,balanced,0,2023-02-04 07:00:00
825,19,3,8.328536206337478,conservative,1,2023-02-04 08:00:00
826,14,2,7.063337421787875,balanced,0,2023-02-04 09:00:00
827,39,6,8.274336861295934,balanced,0,2023-02-04 10:00:00
828,30,2,3.759563475904505,aggressive,0,2023-02-04 11:00:00
829,27,6,3.4971189970148355,aggressive,0,2023-02-04 12:00:00
830,41,3,13.220128080016696,conservative,0,2023-02-04 13:00:00
831,29,3,20.500923778859026,conservative,0,2023-02-04 14:00:00
832,26,1,2.139133218234481,balanced,0,2023-02-04 15:00:00
833,25,3,6.3048939454074615,balanced,1,2023-02-04 16:00:00
834,32,4,22.80782568708252,conservative,0,2023-02-04 17:00:00
835,22,4,4.306221038655853,aggressive,0,2023-02-04 18:00:00
836,25,3,8.014395246358925,aggressive,0,2023-02-04 19:00:00
837,37,2,4.455735206011498,balanced,0,2023-02-04 20:00:00
838,30,8,1.3444876910974437,aggressive,1,2023-02-04 21:00:00
839,37,3,8.89969312236649,balanced,0,2023-02-04 22:00:00
840,20,4,7.447370489625474,balanced,0,2023-02-04 23:00:00
841,31,4,2.2689251890863744,balanced,0,2023-02-05 00:00:00
842,29,7,6.012410509701796,conservative,0,2023-02-05 01:00:00
843,37,4,22.60590505849985,aggressive,1,2023-02-05 02:00:00
844,29,2,8.926379355783231,balanced,0,2023-02-05 03:00:00
845,32,2,1.0194117612026534,balanced,0,2023-02-05 04:00:00
846,19,3,7.941206605223793,balanced,0,2023-02-05 05:00:00
847,35,4,12.131423809886034,conservative,0,2023-02-05 06:00:00
848,25,5,15.736046889119848,conservative,0,2023-02-05 07:00:00
849,24,6,9.91870190148079,balanced,0,2023-02-05 08:00:00
850,34,6,1.6565108197099514,balanced,1,2023-02-05 09:00:00
851,25,6,12.38472005559095,balanced,0,2023-02-05 10:00:00
852,37,2,11.311618632057318,balanced,0,2023-02-05 11:00:00
853,25,2,0.2473016830972775,balanced,0,2023-02-05 12:00:00
854,29,5,5.3059928638506415,balanced,1,2023-02-05 13:00:00
855,31,4,4.048906435880678,balanced,0,2023-02-05 14:00:00
856,22,3,17.665007959886662,aggressive,1,2023-02-05 15:00:00
857,36,3,2.435195036261959,balanced,0,2023-02-05 16:00:00
858,25,5,8.93727025197345,balanced,0,2023-02-05 17:00:00
859,26,1,26.593838241322736,conservative,1,2023-02-05 18:00:00
860,31,3,15.985097044557223,balanced,0,2023-02-05 19:00:00
861,35,7,25.441184069287168,conservative,0,2023-02-05 20:00:00
862,39,5,38.39979914120606,balanced,1,2023-02-05 21:00:00
863,24,6,0.107274610168311,conservative,0,2023-02-05 22:00:00
864,35,5,9.748240573536345,balanced,1,2023-02-05 23:00:00
865,23,4,14.14778111621484,balanced,1,2023-02-06 00:00:00
866,32,4,19.65074041378884,balanced,0,2023-02-06 01:00:00
867,29,4,2.9010460709960646,conservative,0,2023-02-06 02:00:00
868,21,5,39.64869564194697,conservative,0,2023-02-06 03:00:00
869,35,3,13.229286540957036,balanced,1,2023-02-06 04:00:00
870,32,5,15.77636007580913,conservative,1,2023-02-06 05:00:00
871,38,5,0.8948667746268846,balanced,0,2023-02-06 06:00:00
872,24,0,2.0267678769223476,balanced,0,2023-02-06 07:00:00
873,31,5,14.204870159931824,balanced,1,2023-02-06 08:00:00
874,36,2,4.692188285186771,balanced,1,2023-02-06 09:00:00
875,33,6,16.97602604565759,aggressive,0,2023-02-06 10:00:00
876,29,4,0.1404722053555122,conservative,0,2023-02-06 11:00:00
877,29,3,10.703713614170391,conservative,0,2023-02-06 12:00:00
878,30,5,4.5427819690545785,conservative,0,2023-02-06 13:00:00
879,27,7,9.454488601481732,conservative,0,2023-02-06 14:00:00
880,22,4,11.908308953772051,conservative,0,2023-02-06 15:00:00
881,23,2,4.19272826189959,balanced,0,2023-02-06 16:00:00
882,29,5,1.1424704875779252,balanced,0,2023-02-06 17:00:00
883,32,3,3.916591059509255,balanced,1,2023-02-06 18:00:00
884,27,0,8.89006413735262,balanced,0,2023-02-06 19:00:00
885,32,3,17.750011954459836,balanced,1,2023-02-06 20:00:00
886,33,9,13.555751028413152,balanced,0,2023-02-06 21:00:00
887,33,4,7.128102580016906,conservative,0,2023-02-06 22:00:00
888,24,5,5.489529709153086,balanced,0,2023-02-06 23:00:00
889,25,4,5.076426585058242,conservative,0,2023-02-07 00:00:00
890,26,2,0.2680291287112042,conservative,0,2023-02-07 01:00:00
891,33,3,4.088064868466333,balanced,0,2023-02-07 02:00:00
892,27,4,37.305416983991,aggressive,0,2023-02-07 03:00:00
893,37,5,26.163665391728145,balanced,0,2023-02-07 04:00:00
894,35,4,3.995497390044153,conservative,0,2023-02-07 05:00:00
895,26,5,8.862354632477158,aggressive,1,2023-02-07 06:00:00
896,33,4,18.79258754185018,balanced,0,2023-02-07 07:00:00
897,22,4,5.820966897077566,balanced,0,2023-02-07 08:00:00
898,29,5,0.1812106294348475,aggressive,1,2023-02-07 09:00:00
899,31,5,0.7743245099642984,balanced,1,2023-02-07 10:00:00
900,29,3,7.1415168136819185,conservative,0,2023-02-07 11:00:00
901,26,3,34.88042885438253,balanced,0,2023-02-07 12:00:00
902,34,2,11.815903123810305,balanced,0,2023-02-07 13:00:00
903,34,1,0.7355633050057403,balanced,0,2023-02-07 14:00:00
904,36,6,2.099323002135541,balanced,0,2023-02-07 15:00:00
905,37,3,14.754453777256533,aggressive,0,2023-02-07 16:00:00
906,33,3,21.71425678366735,aggressive,1,2023-02-07 17:00:00
907,21,3,16.343201872126812,aggressive,1,2023-02-07 18:00:00
908,27,5,10.340139339044647,aggressive,0,2023-02-07 19:00:00
909,27,4,0.2874670597588402,aggressive,0,2023-02-07 20:00:00
910,34,6,17.6334846865214,conservative,0,2023-02-07 21:00:00
911,38,3,22.062951552502348,conservative,1,2023-02-07 22:00:00
912,33,1,2.998020827505302,balanced,0,2023-02-07 23:00:00
913,38,3,12.333217004808784,aggressive,0,2023-02-08 00:00:00
914,20,7,7.043409588886598,balanced,1,2023-02-08 01:00:00
915,35,5,0.411659714355243,balanced,0,2023-02-08 02:00:00
916,37,4,2.245652396723264,conservative,0,2023-02-08 03:00:00
917,32,6,8.649015761667089,conservative,0,2023-02-08 04:00:00
918,33,6,4.1210912589659,balanced,1,2023-02-08 05:00:00
919,37,2,8.769990694030692,conservative,1,2023-02-08 06:00:00
920,30,3,7.103724707000953,balanced,0,2023-02-08 07:00:00
921,27,6,10.491196693029291,conservative,0,2023-02-08 08:00:00
922,35,4,3.1563528986043443,balanced,0,2023-02-08 09:00:00
923,38,1,1.275612610079599,balanced,1,2023-02-08 10:00:00
924,32,2,9.291268186674587,balanced,0,2023-02-08 11:00:00
925,31,5,5.037587031212968,balanced,1,2023-02-08 12:00:00
926,25,3,3.5477982279793596,conservative,0,2023-02-08 13:00:00
927,22,5,20.16962961994405,aggressive,1,2023-02-08 14:00:00
928,30,4,13.733517109237486,balanced,0,2023-02-08 15:00:00
929,42,5,19.502785150951848,balanced,0,2023-02-08 16:00:00
930,34,5,6.831627804108273,balanced,0,2023-02-08 17:00:00
931,32,3,1.403330453692271,conservative,0,2023-02-08 18:00:00
932,26,6,11.914562512877922,aggressive,0,2023-02-08 19:00:00
933,29,6,4.659745270438233,balanced,1,2023-02-08 20:00:00
934,23,4,5.820167473032932,balanced,0,2023-02-08 21:00:00
935,30,2,0.6720959348940871,conservative,0,2023-02-08 22:00:00
936,32,3,17.44733159295198,aggressive,0,2023-02-08 23:00:00
937,25,5,1.346069892111933,balanced,0,2023-02-09 00:00:00
938,25,5,23.34050033371044,conservative,1,2023-02-09 01:00:00
939,22,3,19.967974372754707,balanced,0,2023-02-09 02:00:00
940,35,3,14.862351176154966,aggressive,1,2023-02-09 03:00:00
941,30,3,13.640171679085704,balanced,0,2023-02-09 04:00:00
942,40,2,9.661247594521225,balanced,0,2023-02-09 05:00:00
943,21,4,16.24935595237576,balanced,0,2023-02-09 06:00:00
944,22,1,5.6529078669828206,balanced,0,2023-02-09 07:00:00
945,30,6,15.408847307368386,balanced,0,2023-02-09 08:00:00
946,30,5,6.207461818635211,conservative,0,2023-02-09 09:00:00
947,26,4,28.29638136063073,balanced,0,2023-02-09 10:00:00
948,29,2,6.662562072583974,aggressive,0,2023-02-09 11:00:00
949,39,4,6.210484448761042,balanced,0,2023-02-09 12:00:00
950,32,5,23.657372720998104,balanced,0,2023-02-09 13:00:00
951,36,5,17.236020204702065,balanced,1,2023-02-09 14:00:00
952,32,5,8.085335976249498,balanced,0,2023-02-09 15:00:00
953,26,6,1.9820440020851104,aggressive,1,2023-02-09 16:00:00
954,32,6,6.306574397857654,balanced,0,2023-02-09 17:00:00
955,22,4,39.574453924575785,conservative,1,2023-02-09 18:00:00
956,29,4,13.98311045289649,aggressive,0,2023-02-09 19:00:00
957,22,5,16.66868972210451,balanced,0,2023-02-09 20:00:00
958,34,6,8.659626330105118,aggressive,1,2023-02-09 21:00:00
959,20,4,6.308476565458076,balanced,0,2023-02-09 22:00:00
960,41,6,10.402145218398546,aggressive,1,2023-02-09 23:00:00
961,33,2,17.72149117051285,conservative,0,2023-02-10 00:00:00
962,31,3,0.5052901135022189,balanced,0,2023-02-10 01:00:00
963,32,4,19.135128543837844,aggressive,0,2023-02-10 02:00:00
964,32,5,7.949605209822794,conservative,0,2023-02-10 03:00:00
965,34,4,2.1979163847602066,conservative,0,2023-02-10 04:00:00
966,38,6,3.816341590085905,balanced,0,2023-02-10 05:00:00
967,30,2,3.3118759740944492,aggressive,0,2023-02-10 06:00:00
968,26,7,7.568519891478418,conservative,1,2023-02-10 07:00:00
969,31,2,0.5306927040623064,aggressive,0,2023-02-10 08:00:00
970,22,3,1.7261223537717645,balanced,0,2023-02-10 09:00:00
971,27,7,21.429916312866176,balanced,0,2023-02-10 10:00:00
972,32,2,5.93577587892735,aggressive,1,2023-02-10 11:00:00
973,33,3,7.770873893932913,balanced,1,2023-02-10 12:00:00
974,33,2,10.78999911074933,conservative,1,2023-02-10 13:00:00
975,27,5,7.27988942605244,conservative,0,2023-02-10 14:00:00
976,29,1,14.422743244419287,balanced,0,2023-02-10 15:00:00
977,39,4,5.929985914247257,balanced,0,2023-02-10 16:00:00
978,27,2,15.60003294234254,aggressive,0,2023-02-10 17:00:00
979,28,4,9.63241644498497,balanced,0,2023-02-10 18:00:00
980,33,4,1.200227487941838,balanced,0,2023-02-10 19:00:00
981,28,3,1.6999556103040914,balanced,0,2023-02-10 20:00:00
982,29,3,10.314962910326145,conservative,1,2023-02-10 21:00:00
983,38,3,5.056546713627221,conservative,0,2023-02-10 22:00:00
984,23,4,13.607992204454206,aggressive,0,2023-02-10 23:00:00
985,32,4,15.97936825873516,conservative,1,2023-02-11 00:00:00
986,27,3,4.91240472734114,conservative,0,2023-02-11 01:00:00
987,28,5,1.8724600213676388,balanced,1,2023-02-11 02:00:00
988,33,3,2.57265518217683,balanced,0,2023-02-11 03:00:00
989,28,5,8.568456724540113,aggressive,0,2023-02-11 04:00:00
990,33,1,5.506737955565839,conservative,0,2023-02-11 05:00:00
991,30,6,7.234569329469679,conservative,0,2023-02-11 06:00:00
992,28,6,1.87146098564667,balanced,0,2023-02-11 07:00:00
993,24,2,10.873942043616683,balanced,0,2023-02-11 08:00:00
994,34,6,24.442169183629844,balanced,1,2023-02-11 09:00:00
995,27,6,9.408208647833083,balanced,1,2023-02-11 10:00:00
996,32,4,6.763180399553153,aggressive,0,2023-02-11 11:00:00
997,44,2,37.101982542723114,aggressive,0,2023-02-11 12:00:00
998,28,3,11.116038334267502,conservative,1,2023-02-11 13:00:00
999,31,5,14.816198094648966,balanced,0,2023-02-11 14:00:00
1000,31,3,4.004714925823752,balanced,1,2023-02-11 15:00:00
